Ward_Code,Ward_Name,population,high_edu_rate,middle_edu_rate,low_edu_rate,mean_income,health,employemnt_state,X,Y,satisfaction,comfort,assets,own_house_rate,rent_rate,mean_house_price
E09000001,City of London,74,68.4,24.9,6.7,72392.86292,1,0,,,0,0,0,0.425997719,0.574002281,559837
E05000026,Abbey,129,34.5,49.1,16.4,13948.86159,1,0,,,0,0,0,0.337926509,0.662073491,172656
E05000027,Alibon,105,16.7,52.1,31.2,14023.02732,1,0,,,0,0,0,0.465625787,0.534374213,162656
E05000028,Becontree,116,20.6,51.4,28,13892.38185,1,0,,,0,0,0,0.489361702,0.510638298,182533
E05000029,Chadwell Heath,101,19.5,51.4,29.1,15249.59596,1,0,,,0,0,0,0.544901065,0.455098935,190375
E05000030,Eastbrook,106,18.5,51.6,29.9,15718.56535,1,0,,,0,0,0,0.680730641,0.319269359,192068
E05000031,Eastbury,117,20,51.1,28.9,13556.36767,1,0,,,0,0,0,0.447799625,0.552200375,176951
E05000032,Gascoigne,126,25.2,49.3,25.5,12478.89889,1,0,,,0,0,0,0.265446717,0.734553283,151068
E05000033,Goresbrook,114,18.8,51.2,30,14017.41152,1,0,,,0,0,0,0.459132907,0.540867093,156383
E05000034,Heath,109,17.6,50.3,32.1,14291.73613,1,0,,,0,0,0,0.424368775,0.575631225,171274
E05000035,Longbridge,116,25,52.3,22.7,14956.85366,1,0,,,0,0,0,0.703763441,0.296236559,249809
E05000036,Mayesbrook,104,16.2,51.7,32.1,13523.29209,1,0,,,0,0,0,0.445574771,0.554425229,174293
E05000037,Parsloes,99,16,52.2,31.8,13830.18251,1,0,,,0,0,0,0.486450934,0.513549066,160310
E05000038,River,110,19.5,50.6,29.9,13919.53332,1,0,,,0,0,0,0.527336861,0.472663139,157974
E05000039,Thames,108,24.4,51.5,24.1,13525.00786,1,0,,,0,0,0,0.372945638,0.627054362,169534
E05000040,Valence,99,17.8,50.1,32.1,14583.40137,1,0,,,0,0,0,0.478717814,0.521282186,175004
E05000041,Village,109,17.9,51.8,30.3,14847.00451,1,0,,,0,0,0,0.418494235,0.581505765,161101
E05000042,Whalebone,107,22.4,53.6,24,15990.90448,1,0,,,0,0,0,0.64794762,0.35205238,190367
E05000043,Brunswick Park,165,34.4,48.2,17.4,19707.67716,1,0,,,0,0,0,0.768773725,0.231226275,343184
E05000044,Burnt Oak,183,24.7,51.7,23.6,13571.2621,1,0,,,0,0,0,0.409574468,0.590425532,219479
E05000045,Childs Hill,201,43.7,42.6,13.7,20524.51024,1,0,,,0,0,0,0.457064793,0.542935207,783573
E05000046,Colindale,172,30.8,51.2,18,14733.00297,1,0,,,0,0,0,0.383942766,0.616057234,231667
E05000047,Coppetts,173,40.6,44.4,15,20619.41656,1,0,,,0,0,0,0.574553828,0.425446172,343358
E05000048,East Barnet,162,36.5,46.4,17.1,21476.8268,1,0,,,0,0,0,0.686112387,0.313887613,329088
E05000049,East Finchley,161,49.6,36.3,14.1,23018.28349,1,0,,,0,0,0,0.509558934,0.490441066,420146
E05000050,Edgware,168,36,47,17,18599.82189,1,0,,,0,0,0,0.616117706,0.383882294,354105
E05000051,Finchley Church End,158,48.6,39.1,12.3,24909.24832,1,0,,,0,0,0,0.624940353,0.375059647,569412
E05000052,Garden Suburb,160,57.3,34.5,8.2,30284.97186,1,0,,,0,0,0,0.663003663,0.336996337,985132
E05000053,Golders Green,189,37.4,46.2,16.4,18214.35805,1,0,,,0,0,0,0.501462463,0.498537537,507186
E05000054,Hale,175,36.5,45.7,17.8,18294.06857,1,0,,,0,0,0,0.672756669,0.327243331,402147
E05000055,Hendon,185,41.3,45.2,13.5,19840.12416,1,0,,,0,0,0,0.494903087,0.505096913,423566
E05000056,High Barnet,154,44.3,42.6,13.1,25899.80344,1,0,,,0,0,0,0.709149327,0.290850673,408041
E05000057,Mill Hill,185,41.6,44.4,14,21397.14409,1,0,,,0,0,0,0.647563636,0.352436364,480997
E05000058,Oakleigh,159,40.7,44.6,14.7,21823.85168,1,0,,,0,0,0,0.710304601,0.289695399,425173
E05000059,Totteridge,152,47,40,13,24647.70257,1,0,,,0,0,0,0.674750602,0.325249398,596419
E05000060,Underhill,160,31.8,46.6,21.6,19529.97747,1,0,,,0,0,0,0.616909898,0.383090102,326225
E05000061,West Finchley,166,49.5,38.3,12.2,23074.58117,1,0,,,0,0,0,0.542557966,0.457442034,369784
E05000062,West Hendon,175,34.4,47.8,17.8,16942.19663,1,0,,,0,0,0,0.491163239,0.508836761,352576
E05000063,Woodhouse,176,41.3,43,15.7,19981.52058,1,0,,,0,0,0,0.585143354,0.414856646,334244
E05000064,Barnehurst,105,20.1,56.8,23.1,18477.4534,1,0,,,0,0,0,0.802976612,0.197023388,223881
E05000065,Belvedere,119,21.9,54.4,23.7,16358.00067,1,0,,,0,0,0,0.64293107,0.35706893,170898
E05000066,Blackfen and Lamorbey,107,19.3,58.3,22.4,19143.80206,1,0,,,0,0,0,0.873015873,0.126984127,241024
E05000067,Blendon and Penhill,110,19.6,58.9,21.5,18878.80033,1,0,,,0,0,0,0.887916765,0.112083235,261895
E05000068,Brampton,106,20.7,56.4,22.9,19306.10272,1,0,,,0,0,0,0.891612593,0.108387407,256765
E05000069,Christchurch,110,24.9,54.1,21,19715.18112,1,0,,,0,0,0,0.809011432,0.190988568,236545
E05000070,Colyers,112,18.1,56.8,25.1,16214.73562,1,0,,,0,0,0,0.627287102,0.372712898,198440
E05000071,Crayford,113,18.6,56.1,25.3,17502.82065,1,0,,,0,0,0,0.669829222,0.330170778,179605
E05000072,Cray Meadows,113,22.2,52.7,25.1,17801.9984,1,0,,,0,0,0,0.66964096,0.33035904,247739
E05000073,Danson Park,109,21.6,55.4,23,18995.72332,1,0,,,0,0,0,0.789804626,0.210195374,241355
E05000074,East Wickham,109,18.8,54.8,26.4,16807.03548,1,0,,,0,0,0,0.772446556,0.227553444,219631
E05000075,Erith,121,22.6,53.8,23.6,16319.29739,1,0,,,0,0,0,0.582335025,0.417664975,166475
E05000076,Falconwood and Welling,108,19.6,58.3,22.1,18019.8193,1,0,,,0,0,0,0.88705368,0.11294632,223721
E05000077,Lesnes Abbey,114,22.5,53.7,23.8,16672.13201,1,0,,,0,0,0,0.68002687,0.31997313,203619
E05000078,Longlands,105,27.1,52,20.9,21333.26883,1,0,,,0,0,0,0.754464286,0.245535714,257821
E05000079,North End,116,19.5,51.7,28.8,14243.38755,1,0,,,0,0,0,0.474195638,0.525804362,148943
E05000080,Northumberland Heath,106,17.8,58.9,23.3,16932.84654,1,0,,,0,0,0,0.808103405,0.191896595,214266
E05000081,St Mary's,105,27,54.1,18.9,21908.30167,1,0,,,0,0,0,0.85967366,0.14032634,317477
E05000082,St Michael's,112,19.1,59.1,21.8,16527.32403,1,0,,,0,0,0,0.863044567,0.136955433,226545
E05000083,Sidcup,109,27.2,53.7,19.1,20929.28644,1,0,,,0,0,0,0.758789497,0.241210503,263454
E05000084,Thamesmead East,121,28.2,51,20.8,15222.13762,1,0,,,0,0,0,0.414570116,0.585429884,131370
E05000085,Alperton,141,26.2,51.7,22.1,11921.92706,1,0,,,0,0,0,0.567372474,0.432627526,225559
E05000086,Barnhill,159,34.7,47.2,18.1,14654.88908,1,0,,,0,0,0,0.457739967,0.542260033,328653
E05000087,Brondesbury Park,131,45,39.1,15.9,20618.67603,1,0,,,0,0,0,0.448107906,0.551892094,610531
E05000088,Dollis Hill,135,25.1,50.5,24.4,12115.32509,1,0,,,0,0,0,0.531660413,0.468339587,298037
E05000089,Dudden Hill,151,31.7,48.5,19.8,14262.47161,1,0,,,0,0,0,0.447095037,0.552904963,367417
E05000090,Fryent,135,29,50.7,20.3,14300.94478,1,0,,,0,0,0,0.578875171,0.421124829,292163
E05000091,Harlesden,173,21.4,54.5,24.1,12942.32662,1,0,,,0,0,0,0.23534716,0.76465284,243734
E05000092,Kensal Green,150,33.8,46.5,19.7,17254.89642,1,0,,,0,0,0,0.373247567,0.626752433,352525
E05000093,Kenton,122,39.8,42.9,17.3,16830.79105,1,0,,,0,0,0,0.736937403,0.263062597,391362
E05000094,Kilburn,171,39.9,43,17.1,18944.22087,1,0,,,0,0,0,0.251893445,0.748106555,410477
E05000095,Mapesbury,156,43.7,41.8,14.5,18659.21004,1,0,,,0,0,0,0.350721421,0.649278579,477726
E05000096,Northwick Park,129,40.3,46.3,13.4,16914.64305,1,0,,,0,0,0,0.63179512,0.36820488,340551
E05000097,Preston,156,35.4,47.1,17.5,14348.5494,1,0,,,0,0,0,0.566166166,0.433833834,288147
E05000098,Queens Park,154,48.2,38.5,13.3,22038.32304,1,0,,,0,0,0,0.448198916,0.551801084,594726
E05000099,Queensbury,152,30.8,47.8,21.4,13440.72713,1,0,,,0,0,0,0.61582399,0.38417601,291198
E05000100,Stonebridge,170,20.5,53.6,25.9,11155.50714,1,0,,,0,0,0,0.208029815,0.791970185,204807
E05000101,Sudbury,150,32.3,49.6,18.1,13303.18532,1,0,,,0,0,0,0.510840388,0.489159612,244708
E05000102,Tokyngton,152,31.9,48.7,19.4,13342.51514,1,0,,,0,0,0,0.528371711,0.471628289,262852
E05000103,Welsh Harp,138,24.7,52.7,22.6,13598.72038,1,0,,,0,0,0,0.513828239,0.486171761,276178
E05000104,Wembley Central,148,29,50.3,20.7,11494.01998,1,0,,,0,0,0,0.494292237,0.505707763,247850
E05000105,Willesden Green,157,33.3,48.2,18.5,15047.29504,1,0,,,0,0,0,0.28333608,0.71666392,281241
E05000106,Bickley,152,40.7,44.8,14.5,24469.18324,1,0,,,0,0,0,0.806602983,0.193397017,437571
E05000107,Biggin Hill,100,23,58.7,18.3,20621.61784,1,0,,,0,0,0,0.88797954,0.11202046,254552
E05000108,Bromley Common and Keston,152,28.3,51.2,20.5,21549.6045,1,0,,,0,0,0,0.73908842,0.26091158,408275
E05000109,Bromley Town,169,41,45.9,13.1,25252.3016,1,0,,,0,0,0,0.662260588,0.337739412,295070
E05000110,Chelsfield and Pratts Bottom,146,33.2,50.4,16.4,23062.20912,1,0,,,0,0,0,0.875643225,0.124356775,343481
E05000111,Chislehurst,149,38,46.2,15.8,25198.44225,1,0,,,0,0,0,0.801610782,0.198389218,460408
E05000112,Clock House,157,38.3,46.5,15.2,23804.88755,1,0,,,0,0,0,0.688161136,0.311838864,276429
E05000113,Copers Cope,155,45,42.9,12.1,29449.89331,1,0,,,0,0,0,0.618830207,0.381169793,278746
E05000114,Cray Valley East,155,19.6,52.5,27.9,17522.98089,1,0,,,0,0,0,0.632302405,0.367697595,199380
E05000115,Cray Valley West,169,18.7,52.8,28.5,15979.50625,1,0,,,0,0,0,0.595336482,0.404663518,238067
E05000116,Crystal Palace,123,38.1,45,16.9,21320.59086,1,0,,,0,0,0,0.364037958,0.635962042,222383
E05000117,Darwin,51,26.9,51.2,21.9,22677.63573,1,0,,,0,0,0,0.837175793,0.162824207,380682
E05000118,Farnborough and Crofton,147,31,50.9,18.1,24218.44396,1,0,,,0,0,0,0.835286458,0.164713542,353345
E05000119,Hayes and Coney Hall,160,31.8,52.5,15.7,22557.92832,1,0,,,0,0,0,0.884615385,0.115384615,335834
E05000120,Kelsey and Eden Park,160,33.8,49.1,17.1,23081.43536,1,0,,,0,0,0,0.796772172,0.203227828,374239
E05000121,Mottingham and Chislehurst North,100,22.1,51.9,26,17675.93909,1,0,,,0,0,0,0.564012215,0.435987785,255632
E05000122,Orpington,154,27.1,50.6,22.3,19874.14984,1,0,,,0,0,0,0.755874468,0.244125532,283713
E05000123,Penge and Cator,174,36.5,46.5,17,20208.1741,1,0,,,0,0,0,0.49048488,0.50951512,301781
E05000124,Petts Wood and Knoll,137,36,48.8,15.2,25109.42959,1,0,,,0,0,0,0.894949495,0.105050505,420067
E05000125,Plaistow and Sundridge,152,34.1,47.3,18.6,22144.73297,1,0,,,0,0,0,0.65905958,0.34094042,297956
E05000126,Shortlands,99,43.3,44.6,12.1,26650.20753,1,0,,,0,0,0,0.793119924,0.206880076,395436
E05000127,West Wickham,150,32.5,52.3,15.2,22942.52005,1,0,,,0,0,0,0.871893595,0.128106405,353919
E05000128,Belsize,127,62.2,29.4,8.4,42051.17231,1,0,,,0,0,0,0.417060838,0.582939162,824547
E05000129,Bloomsbury,108,46.5,45.7,7.8,30484.94267,1,0,,,0,0,0,0.268312928,0.731687072,464047
E05000130,Camden Town with Primrose Hill,126,53.9,34.4,11.7,35191.67789,1,0,,,0,0,0,0.345300593,0.654699407,967879
E05000131,Cantelowes,119,48.1,38,13.9,26098.39455,1,0,,,0,0,0,0.307616804,0.692383196,580003
E05000132,Fortune Green,117,57.8,33,9.2,34011.28873,1,0,,,0,0,0,0.401953418,0.598046582,550028
E05000133,Frognal and Fitzjohns,120,61.4,32.5,6.1,42974.02688,1,0,,,0,0,0,0.494736842,0.505263158,1288580
E05000134,Gospel Oak,113,45.6,36.6,17.8,26971.70116,1,0,,,0,0,0,0.313517915,0.686482085,531382
E05000135,Hampstead Town,113,68.3,25.6,6.1,50425.6363,1,0,,,0,0,0,0.507692308,0.492307692,1361501
E05000136,Haverstock,124,43.1,38.3,18.6,23571.08863,1,0,,,0,0,0,0.276931861,0.723068139,553902
E05000137,Highgate,110,55.8,31.6,12.6,33406.70683,1,0,,,0,0,0,0.473684211,0.526315789,859390
E05000138,Holborn and Covent Garden,130,46.2,40.9,12.9,30710.65478,1,0,,,0,0,0,0.229636899,0.770363101,629659
E05000139,Kentish Town,134,54.6,31.8,13.6,27490.93594,1,0,,,0,0,0,0.356119455,0.643880545,491879
E05000140,Kilburn,120,43.8,38.8,17.4,26078.98605,1,0,,,0,0,0,0.23827718,0.76172282,470402
E05000141,King's Cross,118,39.7,48.2,12.1,20707.47045,1,0,,,0,0,0,0.178276012,0.821723988,392388
E05000142,Regent's Park,135,36.1,46.4,17.5,22770.32688,1,0,,,0,0,0,0.209746519,0.790253481,759715
E05000143,St Pancras and Somers Town,138,29.5,47.8,22.7,18847.32613,1,0,,,0,0,0,0.16678597,0.83321403,353022
E05000144,Swiss Cottage,129,60.4,30.6,9,37715.25883,1,0,,,0,0,0,0.411262799,0.588737201,875944
E05000145,West Hampstead,121,60.6,29.9,9.5,35703.54579,1,0,,,0,0,0,0.328439741,0.671560259,557508
E05000146,Addiscombe,169,38,46.7,15.3,21029.19283,1,0,,,0,0,0,0.526942937,0.473057063,213215
E05000147,Ashburton,148,27.3,53.2,19.5,17644.64141,1,0,,,0,0,0,0.681127983,0.318872017,274814
E05000148,Bensham Manor,163,29.4,52.7,17.9,14938.09582,1,0,,,0,0,0,0.590557796,0.409442204,191902
E05000149,Broad Green,187,26.9,52.9,20.2,14165.92597,1,0,,,0,0,0,0.431355812,0.568644188,184729
E05000150,Coulsdon East,123,30.3,51.5,18.2,20988.54378,1,0,,,0,0,0,0.809242671,0.190757329,290579
E05000151,Coulsdon West,135,34.9,50,15.1,20746.30573,1,0,,,0,0,0,0.838097225,0.161902775,385671
E05000152,Croham,159,42.1,45.9,12,23266.39632,1,0,,,0,0,0,0.614802115,0.385197885,251986
E05000153,Fairfield,166,45.9,41.8,12.3,23651.63862,1,0,,,0,0,0,0.425545489,0.574454511,234944
E05000154,Fieldway,115,12.5,53.1,34.4,11242.30863,1,0,,,0,0,0,0.338349636,0.661650364,156256
E05000155,Heathfield,133,29.3,53.5,17.2,19858.76762,1,0,,,0,0,0,0.761380323,0.238619677,251457
E05000156,Kenley,150,36.1,49.3,14.6,21534.47535,1,0,,,0,0,0,0.757184152,0.242815848,316993
E05000157,New Addington,108,12.8,52.4,34.8,12811.59952,1,0,,,0,0,0,0.493140434,0.506859566,204319
E05000158,Norbury,165,34.1,49.7,16.2,16582.58646,1,0,,,0,0,0,0.612881916,0.387118084,273479
E05000159,Purley,147,40.5,46.6,12.9,21685.44079,1,0,,,0,0,0,0.731214888,0.268785112,389034
E05000160,Sanderstead,128,35,49.9,15.1,22333.83249,1,0,,,0,0,0,0.852947217,0.147052783,338371
E05000161,Selhurst,182,28.4,52.7,18.9,15902.03227,1,0,,,0,0,0,0.419860627,0.580139373,173564
E05000162,Selsdon and Ballards,118,32,52.8,15.2,21295.24514,1,0,,,0,0,0,0.909863565,0.090136435,307543
E05000163,Shirley,144,27.1,53.8,19.1,18731.46161,1,0,,,0,0,0,0.739706409,0.260293591,280958
E05000164,South Norwood,166,35,49.1,15.9,19589.08219,1,0,,,0,0,0,0.490160539,0.509839461,233956
E05000165,Thornton Heath,166,28.3,53,18.7,16313.52045,1,0,,,0,0,0,0.549231472,0.450768528,189890
E05000166,Upper Norwood,161,35.2,48.2,16.6,18321.93261,1,0,,,0,0,0,0.565645683,0.434354317,245489
E05000167,Waddon,171,30.1,50.8,19.1,17668.33324,1,0,,,0,0,0,0.503940332,0.496059668,209715
E05000168,West Thornton,176,27.3,54.8,17.9,13748.53936,1,0,,,0,0,0,0.556319581,0.443680419,187363
E05000169,Woodside,168,29,53.9,17.1,17130.74753,1,0,,,0,0,0,0.551276504,0.448723496,188277
E05000170,Acton Central,155,40.4,45.3,14.3,19093.79159,1,0,,,0,0,0,0.414458985,0.585541015,382214
E05000171,Cleveland,146,46.2,40.7,13.1,20967.98043,1,0,,,0,0,0,0.553552678,0.446447322,393161
E05000172,Dormers Wells,140,24.4,52.1,23.5,11536.8004,1,0,,,0,0,0,0.50255814,0.49744186,216615
E05000173,Ealing Broadway,141,57.7,35,7.3,26688.20855,1,0,,,0,0,0,0.451326003,0.548673997,482967
E05000174,Ealing Common,141,52.6,36.6,10.8,23770.04265,1,0,,,0,0,0,0.476694554,0.523305446,451041
E05000175,East Acton,188,38.3,46.7,15,16038.62786,1,0,,,0,0,0,0.423354565,0.576645435,315332
E05000176,Elthorne,146,40.6,44.3,15.1,20852.8457,1,0,,,0,0,0,0.506121774,0.493878226,298043
E05000177,Greenford Broadway,177,25.8,52.3,21.9,13941.77441,1,0,,,0,0,0,0.508830022,0.491169978,205459
E05000178,Greenford Green,144,30.2,52,17.8,15706.08177,1,0,,,0,0,0,0.639167,0.360833,260372
E05000179,Hanger Hill,156,50.8,40,9.2,23184.64652,1,0,,,0,0,0,0.556933116,0.443066884,429722
E05000180,Hobbayne,143,33.3,48.5,18.2,17055.11304,1,0,,,0,0,0,0.546056365,0.453943635,302408
E05000181,Lady Margaret,139,25.4,54.8,19.8,11775.78827,1,0,,,0,0,0,0.699293643,0.300706357,242223
E05000182,Northfield,136,54.8,36.5,8.7,24817.35407,1,0,,,0,0,0,0.666856925,0.333143075,408721
E05000183,North Greenford,148,30.1,53,16.9,15295.0948,1,0,,,0,0,0,0.679481908,0.320518092,253935
E05000184,Northolt Mandeville,152,25.7,52.8,21.5,14773.69112,1,0,,,0,0,0,0.550350027,0.449649973,226077
E05000185,Northolt West End,152,21.7,53.2,25.1,13312.7426,1,0,,,0,0,0,0.447705443,0.552294557,197137
E05000186,Norwood Green,141,26.7,51.5,21.8,11114.15743,1,0,,,0,0,0,0.459971237,0.540028763,252715
E05000187,Perivale,154,30.8,51.8,17.4,15860.99617,1,0,,,0,0,0,0.631677953,0.368322047,264049
E05000188,South Acton,149,39.4,44.4,16.2,17839.71653,1,0,,,0,0,0,0.348694061,0.651305939,378174
E05000189,Southall Broadway,135,21.9,54.3,23.8,10113.57175,1,0,,,0,0,0,0.563762102,0.436237898,209834
E05000190,Southall Green,146,21.6,54.8,23.6,10066.23359,1,0,,,0,0,0,0.528417442,0.471582558,208491
E05000191,Southfield,135,57.8,33.2,9,29880.96695,1,0,,,0,0,0,0.576022899,0.423977101,623393
E05000192,Walpole,134,53.7,36.1,10.2,25042.44508,1,0,,,0,0,0,0.577000182,0.422999818,427908
E05000193,Bowes,141,36.3,47,16.7,17630.52833,1,0,,,0,0,0,0.559651353,0.440348647,269330
E05000194,Bush Hill Park,140,32.6,47,20.4,20738.58695,1,0,,,0,0,0,0.788250366,0.211749634,309266
E05000195,Chase,138,28.1,49.5,22.4,18444.76067,1,0,,,0,0,0,0.615425532,0.384574468,283020
E05000196,Cockfosters,139,35,46,19,20927.67321,1,0,,,0,0,0,0.690699904,0.309300096,530118
E05000197,Edmonton Green,180,19.5,50,30.5,12488.37372,1,0,,,0,0,0,0.319756486,0.680243514,169750
E05000198,Enfield Highway,161,18.6,51.3,30.1,13370.27385,1,0,,,0,0,0,0.53474475,0.46525525,205941
E05000199,Enfield Lock,166,23.5,50,26.5,14441.83675,1,0,,,0,0,0,0.516205534,0.483794466,190032
E05000200,Grange,128,39.1,44.8,16.1,24310.7201,1,0,,,0,0,0,0.774267225,0.225732775,389508
E05000201,Haselbury,163,21.4,51.4,27.2,13192.86955,1,0,,,0,0,0,0.511611904,0.488388096,208270
E05000202,Highlands,131,35.1,46.2,18.7,23564.09487,1,0,,,0,0,0,0.74587937,0.25412063,313932
E05000203,Jubilee,144,20.9,50.6,28.5,14156.6043,1,0,,,0,0,0,0.581617372,0.418382628,212871
E05000204,Lower Edmonton,166,20,51.5,28.5,12904.68252,1,0,,,0,0,0,0.467302005,0.532697995,186677
E05000205,Palmers Green,152,33.5,45.9,20.6,18055.97112,1,0,,,0,0,0,0.635641513,0.364358487,293483
E05000206,Ponders End,157,21,52.1,26.9,12929.85134,1,0,,,0,0,0,0.473767606,0.526232394,197476
E05000207,Southbury,146,25.4,50,24.6,15778.61601,1,0,,,0,0,0,0.539938417,0.460061583,219116
E05000208,Southgate,145,41.2,42.7,16.1,21501.43555,1,0,,,0,0,0,0.631748181,0.368251819,303185
E05000209,Southgate Green,139,40,43.7,16.3,20048.69578,1,0,,,0,0,0,0.654249127,0.345750873,393126
E05000210,Town,150,33,49.6,17.4,21782.21295,1,0,,,0,0,0,0.754926312,0.245073688,282461
E05000211,Turkey Street,144,17.9,51.9,30.2,13501.94227,1,0,,,0,0,0,0.533408408,0.466591592,209566
E05000212,Upper Edmonton,175,21.5,50.2,28.3,12662.78039,1,0,,,0,0,0,0.443587271,0.556412729,200878
E05000213,Winchmore Hill,135,42.9,41.7,15.4,23323.94032,1,0,,,0,0,0,0.701813423,0.298186577,469902
E05000214,Abbey Wood,158,24.2,50.5,25.3,14821.40038,1,0,,,0,0,0,0.449362844,0.550637156,173568
E05000215,Blackheath Westcombe,129,57.5,30.4,12.1,30656.56613,1,0,,,0,0,0,0.511934156,0.488065844,450193
E05000216,Charlton,144,37.2,42,20.8,18892.52078,1,0,,,0,0,0,0.420456526,0.579543474,294017
E05000217,Coldharbour and New Eltham,131,23.4,51.2,25.4,18842.9353,1,0,,,0,0,0,0.657777778,0.342222222,264137
E05000218,Eltham North,126,31.8,48.2,20,22336.97016,1,0,,,0,0,0,0.73380035,0.26619965,257397
E05000219,Eltham South,126,25.1,53.4,21.5,18932.95184,1,0,,,0,0,0,0.613578054,0.386421946,243323
E05000220,Eltham West,104,21.2,48,30.8,15373.13177,1,0,,,0,0,0,0.465146751,0.534853249,216228
E05000221,Glyndon,182,28.6,50,21.4,14614.81382,1,0,,,0,0,0,0.326264274,0.673735726,183037
E05000222,Greenwich West,166,49.9,37.3,12.8,23316.96177,1,0,,,0,0,0,0.34203103,0.65796897,410274
E05000223,Kidbrooke with Hornfair,144,30.8,45.5,23.7,18175.95318,1,0,,,0,0,0,0.509362652,0.490637348,264328
E05000224,Middle Park and Sutcliffe,136,29.6,44.9,25.5,18146.35874,1,0,,,0,0,0,0.508658009,0.491341991,325107
E05000225,Peninsula,141,49.5,35.5,15,23637.14184,1,0,,,0,0,0,0.382187148,0.617812852,344154
E05000226,Plumstead,168,25.2,53.2,21.6,14273.13803,1,0,,,0,0,0,0.482488949,0.517511051,183934
E05000227,Shooters Hill,135,31.3,49.3,19.4,19503.72803,1,0,,,0,0,0,0.651071026,0.348928974,221913
E05000228,Thamesmead Moorings,198,32.4,48.9,18.7,14983.56357,1,0,,,0,0,0,0.359350295,0.640649705,173424
E05000229,Woolwich Common,176,26.7,51.5,21.8,14127.94989,1,0,,,0,0,0,0.241742686,0.758257314,181040
E05000230,Woolwich Riverside,192,35.2,44.9,19.9,17735.32253,1,0,,,0,0,0,0.235019646,0.764980354,231439
E05000231,Brownswood,112,51.7,34.2,14.1,22175.26811,1,0,,,0,0,0,0.282671036,0.717328964,351567
E05000232,Cazenove,135,35.6,40.9,23.5,16219.24848,1,0,,,0,0,0,0.276537489,0.723462511,315761
E05000233,Chatham,133,37.6,41.3,21.1,16612.36878,1,0,,,0,0,0,0.232690935,0.767309065,248311
E05000234,Clissold,123,53.5,32.2,14.3,23586.28906,1,0,,,0,0,0,0.392746315,0.607253685,372785
E05000235,Dalston,148,48.6,35.5,15.9,20127.79045,1,0,,,0,0,0,0.254585017,0.745414983,333225
E05000236,De Beauvoir,137,49.8,34.6,15.6,20691.14431,1,0,,,0,0,0,0.289704181,0.710295819,556267
E05000237,Hackney Central,126,42,39.6,18.4,18551.55401,1,0,,,0,0,0,0.212071481,0.787928519,308119
E05000238,Hackney Downs,130,42.2,38.5,19.3,18318.59946,1,0,,,0,0,0,0.26669119,0.73330881,311771
E05000239,Haggerston,140,45.8,38.1,16.1,19415.40626,1,0,,,0,0,0,0.180306905,0.819693095,336596
E05000240,Hoxton,152,41.7,40.6,17.7,18612.01392,1,0,,,0,0,0,0.197902821,0.802097179,383267
E05000241,King's Park,112,30.6,44.8,24.6,14564.14993,1,0,,,0,0,0,0.248460445,0.751539555,318853
E05000242,Leabridge,141,41.5,40,18.5,16827.52036,1,0,,,0,0,0,0.321260413,0.678739587,262015
E05000243,Lordship,123,40.4,35.4,24.2,17979.90604,1,0,,,0,0,0,0.304527645,0.695472355,286969
E05000244,New River,126,26.6,44.4,29,15934.67412,1,0,,,0,0,0,0.218454085,0.781545915,416476
E05000245,Queensbridge,137,44.6,36.6,18.8,18919.86026,1,0,,,0,0,0,0.239932318,0.760067682,348924
E05000246,Springfield,124,21.9,46.4,31.7,14161.78494,1,0,,,0,0,0,0.23463044,0.76536956,254653
E05000247,Stoke Newington Central,125,52.4,33.4,14.2,21880.22038,1,0,,,0,0,0,0.34038934,0.65961066,414194
E05000248,Victoria,133,41.8,38.7,19.5,18993.49395,1,0,,,0,0,0,0.258419,0.741581,392006
E05000249,Wick,118,34.4,42.8,22.8,16184.44784,1,0,,,0,0,0,0.239275302,0.760724698,314296
E05000250,Addison,115,57.4,33.3,9.3,30617.06728,1,0,,,0,0,0,0.362368092,0.637631908,603408
E05000251,Askew,142,45.1,41.2,13.7,24312.64797,1,0,,,0,0,0,0.346166185,0.653833815,444654
E05000252,Avonmore and Brook Green,122,54.5,36.2,9.3,30427.03083,1,0,,,0,0,0,0.349012065,0.650987935,591122
E05000253,College Park and Old Oak,92,31.9,45.1,23,17528.41911,1,0,,,0,0,0,0.246053348,0.753946652,280439
E05000254,Fulham Broadway,110,47.7,37.5,14.8,28249.94368,1,0,,,0,0,0,0.295016077,0.704983923,617929
E05000255,Fulham Reach,113,51.6,36.7,11.7,26391.46614,1,0,,,0,0,0,0.353369763,0.646630237,498645
E05000256,Hammersmith Broadway,119,45.3,39.7,15,25097.63425,1,0,,,0,0,0,0.286891529,0.713108471,640219
E05000257,Munster,110,56.9,33.4,9.7,33041.47315,1,0,,,0,0,0,0.453719008,0.546280992,642757
E05000258,North End,116,52.6,36.2,11.2,27238.19876,1,0,,,0,0,0,0.288031723,0.711968277,429917
E05000259,Palace Riverside,75,56.2,33.9,9.9,35429.01119,1,0,,,0,0,0,0.578038248,0.421961752,976148
E05000260,Parsons Green and Walham,108,56.4,34.1,9.5,37335.96163,1,0,,,0,0,0,0.484536082,0.515463918,1148592
E05000261,Ravenscourt Park,108,55.1,35,9.9,29897.65625,1,0,,,0,0,0,0.44469807,0.55530193,692141
E05000262,Sands End,128,47.6,39.6,12.8,29060.2301,1,0,,,0,0,0,0.37628866,0.62371134,608828
E05000263,Shepherd's Bush Green,122,46.5,39.6,13.9,23802.30548,1,0,,,0,0,0,0.259005764,0.740994236,457664
E05000264,Town,112,57.9,32.7,9.4,31722.76323,1,0,,,0,0,0,0.378016629,0.621983371,734693
E05000265,Wormholt and White City,134,32,46.5,21.5,16758.00343,1,0,,,0,0,0,0.273342624,0.726657376,387894
E05000266,Alexandra,119,58.5,33.5,8,26891.27084,1,0,,,0,0,0,0.661234246,0.338765754,543648
E05000267,Bounds Green,138,37.3,45.4,17.3,18726.31083,1,0,,,0,0,0,0.375603865,0.624396135,291873
E05000268,Bruce Grove,146,27.6,49.9,22.5,15574.12201,1,0,,,0,0,0,0.375708798,0.624291202,220909
E05000269,Crouch End,125,67,26.6,6.4,33060.3574,1,0,,,0,0,0,0.516339869,0.483660131,587029
E05000270,Fortis Green,126,58.4,32.4,9.2,27646.75846,1,0,,,0,0,0,0.546269238,0.453730762,629058
E05000271,Harringay,133,46.6,39.4,14,21305.92643,1,0,,,0,0,0,0.389508317,0.610491683,343593
E05000272,Highgate,117,65.7,27.9,6.4,33538.70067,1,0,,,0,0,0,0.497621313,0.502378687,706286
E05000273,Hornsey,127,51.5,34.7,13.8,23578.51962,1,0,,,0,0,0,0.415829367,0.584170633,361804
E05000274,Muswell Hill,109,62.8,28.9,8.3,30607.4947,1,0,,,0,0,0,0.589269813,0.410730187,611114
E05000275,Noel Park,140,33.8,45.4,20.8,15619.01064,1,0,,,0,0,0,0.309136873,0.690863127,267115
E05000276,Northumberland Park,145,20.2,50.6,29.2,13129.34095,1,0,,,0,0,0,0.238975818,0.761024182,185877
E05000277,St Ann's,147,35.2,44.4,20.4,15534.84441,1,0,,,0,0,0,0.392686512,0.607313488,256967
E05000278,Seven Sisters,161,29,46.6,24.4,15385.95281,1,0,,,0,0,0,0.337713771,0.662286229,272989
E05000279,Stroud Green,118,60.5,29.4,10.1,27397.42372,1,0,,,0,0,0,0.44132898,0.55867102,429191
E05000280,Tottenham Green,147,29.2,48.1,22.7,15342.03191,1,0,,,0,0,0,0.292320675,0.707679325,204486
E05000281,Tottenham Hale,151,23.1,52.2,24.7,12766.90006,1,0,,,0,0,0,0.325780089,0.674219911,198765
E05000282,West Green,134,30.6,45.5,23.9,15824.30261,1,0,,,0,0,0,0.343713956,0.656286044,291522
E05000283,White Hart Lane,135,20.7,49.3,30,12460.25916,1,0,,,0,0,0,0.31120332,0.68879668,211464
E05000284,Woodside,146,32.9,47.1,20,15762.8091,1,0,,,0,0,0,0.389378938,0.610621062,270775
E05000285,Belmont,114,36.4,48.5,15.1,17316.1983,1,0,,,0,0,0,0.819224468,0.180775532,425107
E05000286,Canons,126,40.8,41.4,17.8,19939.09821,1,0,,,0,0,0,0.67600083,0.32399917,346994
E05000287,Edgware,117,29.4,48.1,22.5,13359.01584,1,0,,,0,0,0,0.639300135,0.360699865,245299
E05000288,Greenhill,125,46,42.3,11.7,18946.44994,1,0,,,0,0,0,0.445918778,0.554081222,253240
E05000289,Harrow on the Hill,124,41.8,44.9,13.3,19022.46267,1,0,,,0,0,0,0.53968254,0.46031746,354143
E05000290,Harrow Weald,115,32.3,48.3,19.4,16992.82103,1,0,,,0,0,0,0.693269231,0.306730769,325835
E05000291,Hatch End,108,41.8,42.8,15.4,20231.15649,1,0,,,0,0,0,0.753507014,0.246492986,438599
E05000292,Headstone North,102,43.6,43.5,12.9,20120.68396,1,0,,,0,0,0,0.816806723,0.183193277,376248
E05000293,Headstone South,112,43,43.9,13.1,17969.8415,1,0,,,0,0,0,0.66749503,0.33250497,284266
E05000294,Kenton East,112,27.6,49,23.4,12614.41554,1,0,,,0,0,0,0.621940685,0.378059315,290171
E05000295,Kenton West,113,34.1,48,17.9,14590.84851,1,0,,,0,0,0,0.799411765,0.200588235,342013
E05000296,Marlborough,124,35.5,47.4,17.1,15110.67518,1,0,,,0,0,0,0.571727019,0.428272981,238965
E05000297,Pinner,101,44.3,41,14.7,22882.60784,1,0,,,0,0,0,0.69273743,0.30726257,508328
E05000298,Pinner South,105,47.5,41.1,11.4,24140.87913,1,0,,,0,0,0,0.817718941,0.182281059,440001
E05000299,Queensbury,121,30.5,48.7,20.8,13197.10385,1,0,,,0,0,0,0.689133425,0.310866575,285949
E05000300,Rayners Lane,112,37.9,48.4,13.7,16794.52309,1,0,,,0,0,0,0.749727372,0.250272628,315359
E05000301,Roxbourne,129,29.2,51.6,19.2,14058.38383,1,0,,,0,0,0,0.495567376,0.504432624,243272
E05000302,Roxeth,118,28.9,53.8,17.3,14280.26184,1,0,,,0,0,0,0.667106304,0.332893696,267228
E05000303,Stanmore Park,113,35.3,45,19.7,19594.36887,1,0,,,0,0,0,0.664216812,0.335783188,475385
E05000304,Wealdstone,115,27.2,51.9,20.9,13777.76038,1,0,,,0,0,0,0.568006182,0.431993818,229610
E05000305,West Harrow,105,40.7,45.9,13.4,18123.37732,1,0,,,0,0,0,0.671191963,0.328808037,293237
E05000306,Brooklands,150,21.3,53.8,24.9,17317.35781,1,0,,,0,0,0,0.645785503,0.354214497,199106
E05000307,Cranham,126,23.3,54.5,22.2,21224.97615,1,0,,,0,0,0,0.881614523,0.118385477,301237
E05000308,Elm Park,125,16.5,53.9,29.6,17099.17332,1,0,,,0,0,0,0.75736298,0.24263702,204121
E05000309,Emerson Park,120,24.3,52.6,23.1,20627.73018,1,0,,,0,0,0,0.894346213,0.105653787,442127
E05000310,Gooshays,148,13.2,52.6,34.2,14341.03224,1,0,,,0,0,0,0.493217217,0.506782783,181411
E05000311,Hacton,123,17.9,56.8,25.3,19451.92395,1,0,,,0,0,0,0.869661563,0.130338437,242680
E05000312,Harold Wood,127,20.6,53.6,25.8,19422.93405,1,0,,,0,0,0,0.718812602,0.281187398,218950
E05000313,Havering Park,131,15.3,54.3,30.4,15767.57084,1,0,,,0,0,0,0.706906672,0.293093328,233725
E05000314,Heaton,126,13.7,50.5,35.8,14942.43228,1,0,,,0,0,0,0.539347047,0.460652953,181136
E05000315,Hylands,130,19.2,57.1,23.7,18591.15905,1,0,,,0,0,0,0.848897796,0.151102204,270121
E05000316,Mawneys,130,16.3,54.1,29.6,17551.06565,1,0,,,0,0,0,0.781735506,0.218264494,207032
E05000317,Pettits,130,19.9,54.4,25.7,19262.15466,1,0,,,0,0,0,0.876201687,0.123798313,307400
E05000318,Rainham and Wennington,125,14.9,55.3,29.8,16552.24952,1,0,,,0,0,0,0.772972973,0.227027027,208632
E05000319,Romford Town,160,26.3,52.7,21,20406.20392,1,0,,,0,0,0,0.627573734,0.372426266,200326
E05000320,St Andrew's,134,18.9,54.9,26.2,19740.92056,1,0,,,0,0,0,0.750745483,0.249254517,247535
E05000321,South Hornchurch,136,14,54.6,31.4,16084.49787,1,0,,,0,0,0,0.704303053,0.295696947,194187
E05000322,Squirrel's Heath,133,24.3,55.7,20,21449.73287,1,0,,,0,0,0,0.759421325,0.240578675,287088
E05000323,Upminster,129,27.9,53.1,19,23465.16222,1,0,,,0,0,0,0.895150206,0.104849794,380986
E05000324,Barnhill,136,22.4,55.2,22.4,12342.09956,1,0,,,0,0,0,0.590369853,0.409630147,217158
E05000325,Botwell,152,21.4,54.6,24,12254.70914,1,0,,,0,0,0,0.536924939,0.463075061,223537
E05000326,Brunel,139,23.6,58.8,17.6,13667.5,1,0,,,0,0,0,0.561586176,0.438413824,250059
E05000327,Cavendish,117,29.9,52.9,17.2,20482.50319,1,0,,,0,0,0,0.825940104,0.174059896,303132
E05000328,Charville,127,21.1,57.3,21.6,14851.98411,1,0,,,0,0,0,0.733640553,0.266359447,222783
E05000329,Eastcote and East Ruislip,122,38.1,48.3,13.6,23163.02748,1,0,,,0,0,0,0.840126716,0.159873284,394320
E05000330,Harefield,75,25,51.2,23.8,19032.95537,1,0,,,0,0,0,0.646609043,0.353390957,266541
E05000331,Heathrow Villages,123,24.2,56.6,19.2,14986.19469,1,0,,,0,0,0,0.50247191,0.49752809,244283
E05000332,Hillingdon East,130,24.2,56.5,19.3,15878.13187,1,0,,,0,0,0,0.697976243,0.302023757,253641
E05000333,Ickenham,105,36,49.4,14.6,23311.29973,1,0,,,0,0,0,0.862261753,0.137738247,430213
E05000334,Manor,115,29.6,53.4,17,21045.53571,1,0,,,0,0,0,0.817980022,0.182019978,279204
E05000335,Northwood,105,46.4,40.3,13.3,26496.96567,1,0,,,0,0,0,0.646352119,0.353647881,498122
E05000336,Northwood Hills,117,37.1,46.3,16.6,21649.73953,1,0,,,0,0,0,0.673150919,0.326849081,367489
E05000337,Pinkwell,149,22.8,55.2,22,12012.65543,1,0,,,0,0,0,0.588336561,0.411663439,222404
E05000338,South Ruislip,125,27.3,54.4,18.3,18369.4211,1,0,,,0,0,0,0.701912744,0.298087256,253698
E05000339,Townfield,142,22.2,53.1,24.7,12067.26301,1,0,,,0,0,0,0.471232289,0.528767711,221247
E05000340,Uxbridge North,121,34.9,48.3,16.8,21160.35911,1,0,,,0,0,0,0.678578936,0.321421064,317281
E05000341,Uxbridge South,141,29.9,56,14.1,14814.80855,1,0,,,0,0,0,0.513447433,0.486552567,212213
E05000342,West Drayton,145,24,51.7,24.3,15016.01407,1,0,,,0,0,0,0.541674401,0.458325599,221259
E05000343,West Ruislip,107,33.9,49.8,16.3,23528.0501,1,0,,,0,0,0,0.693030369,0.306969631,348347
E05000344,Yeading,137,26,54.2,19.8,13907.16786,1,0,,,0,0,0,0.569625668,0.430374332,202842
E05000345,Yiewsley,131,23.1,53.2,23.7,15183.9835,1,0,,,0,0,0,0.501509966,0.498490034,215527
E05000346,Bedfont,128,20.2,55.8,24,15486.04087,1,0,,,0,0,0,0.555464087,0.444535913,210873
E05000347,Brentford,144,35.3,47.5,17.2,18408.20186,1,0,,,0,0,0,0.426771918,0.573228082,285377
E05000348,Chiswick Homefields,114,55.7,35,9.3,29852.65405,1,0,,,0,0,0,0.543133622,0.456866378,797216
E05000349,Chiswick Riverside,116,56,34.8,9.2,29128.22222,1,0,,,0,0,0,0.560994713,0.439005287,643438
E05000350,Cranford,124,26.2,53.6,20.2,12297.30794,1,0,,,0,0,0,0.444783715,0.555216285,242660
E05000351,Feltham North,116,21.1,52.8,26.1,14987.11287,1,0,,,0,0,0,0.601658768,0.398341232,220734
E05000352,Feltham West,156,25,54.5,20.5,15755.43937,1,0,,,0,0,0,0.51298813,0.48701187,195972
E05000353,Hanworth,122,19.2,54.4,26.4,14796.91785,1,0,,,0,0,0,0.487207052,0.512792948,199238
E05000354,Hanworth Park,115,22.2,54.4,23.4,16860.83682,1,0,,,0,0,0,0.633890747,0.366109253,216540
E05000355,Heston Central,123,32,50.7,17.3,13230.49316,1,0,,,0,0,0,0.564425051,0.435574949,241967
E05000356,Heston East,124,33.4,50.5,16.1,13821.45973,1,0,,,0,0,0,0.573676324,0.426323676,247432
E05000357,Heston West,125,24.4,53.8,21.8,11902.25156,1,0,,,0,0,0,0.472609562,0.527390438,203461
E05000358,Hounslow Central,153,42.8,44.4,12.8,16069.34845,1,0,,,0,0,0,0.433878158,0.566121842,227107
E05000359,Hounslow Heath,148,34.6,49.7,15.7,13674.69539,1,0,,,0,0,0,0.468362157,0.531637843,227399
E05000360,Hounslow South,115,32.9,51.4,15.7,17428.82261,1,0,,,0,0,0,0.74974645,0.25025355,285562
E05000361,Hounslow West,127,33.5,50.2,16.3,12476.77282,1,0,,,0,0,0,0.49531052,0.50468948,224901
E05000362,Isleworth,120,33.8,46.3,19.9,17804.79907,1,0,,,0,0,0,0.455548743,0.544451257,276069
E05000363,Osterley and Spring Grove,131,45.9,43.3,10.8,19818.96589,1,0,,,0,0,0,0.636155129,0.363844871,348546
E05000364,Syon,136,38.9,44.7,16.4,20159.36194,1,0,,,0,0,0,0.475993092,0.524006908,262203
E05000365,Turnham Green,115,55.4,34.7,9.9,29999.45737,1,0,,,0,0,0,0.497336028,0.502663972,638053
E05000366,Barnsbury,122,51.5,32.2,16.3,29566.20461,1,0,,,0,0,0,0.329662394,0.670337606,589731
E05000367,Bunhill,146,45.2,39,15.8,26638.05031,1,0,,,0,0,0,0.21948672,0.78051328,521184
E05000368,Caledonian,139,39.1,39.9,21,22175.42322,1,0,,,0,0,0,0.244033998,0.755966002,403294
E05000369,Canonbury,121,47.3,33.5,19.2,26611.92089,1,0,,,0,0,0,0.294127958,0.705872042,551006
E05000370,Clerkenwell,115,47.9,37,15.1,29390.79092,1,0,,,0,0,0,0.296121097,0.703878903,555123
E05000371,Finsbury Park,144,41.8,37.6,20.6,20520.58542,1,0,,,0,0,0,0.232442809,0.767557191,332389
E05000372,Highbury East,117,58.8,27.8,13.4,30354.66735,1,0,,,0,0,0,0.416603053,0.583396947,651168
E05000373,Highbury West,151,56.3,31.1,12.6,29091.47969,1,0,,,0,0,0,0.322007168,0.677992832,443584
E05000374,Hillrise,118,43.7,38.4,17.9,23176.06476,1,0,,,0,0,0,0.335174591,0.664825409,499429
E05000375,Holloway,150,43.3,37.9,18.8,21921.94107,1,0,,,0,0,0,0.257457065,0.742542935,356028
E05000376,Junction,121,46.9,36.3,16.8,25987.73658,1,0,,,0,0,0,0.299096866,0.700903134,372316
E05000377,Mildmay,130,48.8,33.8,17.4,24844.7106,1,0,,,0,0,0,0.28542024,0.71457976,419112
E05000378,St George's,124,48.3,35.2,16.5,25008.88889,1,0,,,0,0,0,0.345813353,0.654186647,475129
E05000379,St Mary's,116,54.4,30.1,15.5,32489.14668,1,0,,,0,0,0,0.274488503,0.725511497,623822
E05000380,St Peter's,119,53,29.7,17.3,28990.38786,1,0,,,0,0,0,0.339092873,0.660907127,650842
E05000381,Tollington,134,45.2,37.5,17.3,24075.77753,1,0,,,0,0,0,0.300528402,0.699471598,370973
E05000382,Abingdon,100,59.2,34.5,6.3,60024.23991,1,0,,,0,0,0,0.424248748,0.575751252,1311610
E05000383,Brompton,88,57.4,36,6.6,89634.29088,1,0,,,0,0,0,0.344035722,0.655964278,1534178
E05000384,Campden,82,62.4,33.1,4.5,77545.07145,1,0,,,0,0,0,0.48036716,0.51963284,1796514
E05000385,Colville,84,48.6,38.3,13.1,47751.28778,1,0,,,0,0,0,0.259098192,0.740901808,1025471
E05000386,Courtfield,89,58.7,37.5,3.8,73911.79536,1,0,,,0,0,0,0.392036753,0.607963247,1306647
E05000387,Cremorne,80,41.2,43.4,15.4,45557.11061,1,0,,,0,0,0,0.332917706,0.667082294,465444
E05000388,Earl's Court,91,53.3,38.3,8.4,49617.48982,1,0,,,0,0,0,0.315565464,0.684434536,744985
E05000389,Golborne,89,32.1,45.4,22.5,26880.54133,1,0,,,0,0,0,0.137183236,0.862816764,425573
E05000390,Hans Town,88,55.1,35.7,9.2,88270.22179,1,0,,,0,0,0,0.350364964,0.649635036,1379547
E05000391,Holland,98,58.8,34.2,7,57044.82039,1,0,,,0,0,0,0.463813578,0.536186422,1915132
E05000392,Norland,87,51.2,34.6,14.2,54509.98273,1,0,,,0,0,0,0.359049005,0.640950995,807724
E05000393,Notting Barns,95,37.2,43.4,19.4,31174.65674,1,0,,,0,0,0,0.260660082,0.739339918,1446794
E05000394,Pembridge,77,60.8,33,6.2,65681.39498,1,0,,,0,0,0,0.416877851,0.583122149,1468951
E05000395,Queen's Gate,98,61.7,34.5,3.8,77161.91178,1,0,,,0,0,0,0.420254203,0.579745797,1235788
E05000396,Redcliffe,92,60.5,34.3,5.2,62649.07301,1,0,,,0,0,0,0.468405428,0.531594572,1071959
E05000397,Royal Hospital,73,56.1,34.9,9,72395.51605,1,0,,,0,0,0,0.457681941,0.542318059,1560572
E05000398,St Charles,93,35.5,43,21.5,32128.00599,1,0,,,0,0,0,0.237880228,0.762119772,798784
E05000399,Stanley,82,56.1,36.6,7.3,62401.01612,1,0,,,0,0,0,0.456928839,0.543071161,1480034
E05000400,Alexandra,93,32.7,51.5,15.8,19329.51364,1,0,,,0,0,0,0.811147347,0.188852653,324600
E05000401,Berrylands,95,48.4,39.7,11.9,25059.27463,1,0,,,0,0,0,0.548664344,0.451335656,321723
E05000402,Beverley,101,41.7,43.1,15.2,20448.54621,1,0,,,0,0,0,0.649847095,0.350152905,335203
E05000403,Canbury,124,54.4,36.6,9,25050.38564,1,0,,,0,0,0,0.560725552,0.439274448,403227
E05000404,Chessington North and Hook,88,22.8,55.3,21.9,18063.54511,1,0,,,0,0,0,0.754890338,0.245109662,244292
E05000405,Chessington South,103,25.3,55.6,19.1,19133.7802,1,0,,,0,0,0,0.780421314,0.219578686,259794
E05000406,Coombe Hill,104,44.5,44.8,10.7,21551.73225,1,0,,,0,0,0,0.612588171,0.387411829,880815
E05000407,Coombe Vale,98,47.4,40.9,11.7,21321.26419,1,0,,,0,0,0,0.728611111,0.271388889,409998
E05000408,Grove,110,47,44.5,8.5,24371.895,1,0,,,0,0,0,0.482779828,0.517220172,362980
E05000409,Norbiton,101,35.8,46.5,17.7,17663.44256,1,0,,,0,0,0,0.433333333,0.566666667,318035
E05000410,Old Malden,95,34.4,49.9,15.7,20252.14104,1,0,,,0,0,0,0.776840922,0.223159078,341083
E05000411,St James,90,38,46.1,15.9,19883.74792,1,0,,,0,0,0,0.756650544,0.243349456,369920
E05000412,St Mark's,105,48.3,45,6.7,25194.9785,1,0,,,0,0,0,0.536054422,0.463945578,327827
E05000413,Surbiton Hill,105,52.2,37.1,10.7,24855.94741,1,0,,,0,0,0,0.611123181,0.388876819,383420
E05000414,Tolworth and Hook Rise,99,30,51.6,18.4,18329.67434,1,0,,,0,0,0,0.72079314,0.27920686,266368
E05000415,Tudor,96,51.3,38.6,10.1,25063.64034,1,0,,,0,0,0,0.77271509,0.22728491,447671
E05000416,Bishop's,97,47.2,38.3,14.5,25440.16497,1,0,,,0,0,0,0.224507659,0.775492341,452029
E05000417,Brixton Hill,159,49.6,36.6,13.8,21023.64372,1,0,,,0,0,0,0.350029464,0.649970536,295184
E05000418,Clapham Common,129,63.3,28.4,8.3,27061.65997,1,0,,,0,0,0,0.431578947,0.568421053,575073
E05000419,Clapham Town,139,59.7,29.4,10.9,25785.89404,1,0,,,0,0,0,0.351552393,0.648447607,453757
E05000420,Coldharbour,169,36.8,45.6,17.6,17069.3297,1,0,,,0,0,0,0.17859147,0.82140853,294569
E05000421,Ferndale,151,52.9,33.8,13.3,21695.51884,1,0,,,0,0,0,0.275216796,0.724783204,338588
E05000422,Gipsy Hill,138,39.3,42.3,18.4,19904.7541,1,0,,,0,0,0,0.382910861,0.617089139,281452
E05000423,Herne Hill,152,52,35.8,12.2,22762.97564,1,0,,,0,0,0,0.381069453,0.618930547,390593
E05000424,Knight's Hill,148,38.2,45.9,15.9,19170.05456,1,0,,,0,0,0,0.436891602,0.563108398,265375
E05000425,Larkhall,173,48.5,37.6,13.9,19388.01869,1,0,,,0,0,0,0.272752652,0.727247348,340121
E05000426,Oval,152,51.6,35.4,13,23508.04372,1,0,,,0,0,0,0.292731686,0.707268314,437253
E05000427,Prince's,143,46.5,37.2,16.3,23094.52922,1,0,,,0,0,0,0.312518585,0.687481415,459999
E05000428,St Leonard's,146,46.3,41.1,12.6,22156.55533,1,0,,,0,0,0,0.40416936,0.59583064,316785
E05000429,Stockwell,149,41,42.8,16.2,19068.3109,1,0,,,0,0,0,0.263731134,0.736268866,364596
E05000430,Streatham Hill,143,46.4,40.1,13.5,21031.03088,1,0,,,0,0,0,0.419180328,0.580819672,354556
E05000431,Streatham South,144,34.8,48.2,17,17494.32438,1,0,,,0,0,0,0.548224299,0.451775701,266899
E05000432,Streatham Wells,150,42.6,43.5,13.9,20798.66089,1,0,,,0,0,0,0.430712805,0.569287195,245919
E05000433,Thornton,126,47.8,38,14.2,21172.90622,1,0,,,0,0,0,0.387173397,0.612826603,443638
E05000434,Thurlow Park,137,50.3,37,12.7,22743.70473,1,0,,,0,0,0,0.429131844,0.570868156,366042
E05000435,Tulse Hill,159,42.7,42.6,14.7,18661.42136,1,0,,,0,0,0,0.310782241,0.689217759,288969
E05000436,Vassall,142,41.3,42.7,16,18930.63824,1,0,,,0,0,0,0.238173727,0.761826273,333422
E05000437,Bellingham,149,23.5,51.1,25.4,15357.74011,1,0,,,0,0,0,0.413132471,0.586867529,199970
E05000438,Blackheath,141,53.2,33.6,13.2,25095.27638,1,0,,,0,0,0,0.43437646,0.56562354,409858
E05000439,Brockley,172,47.3,40.9,11.8,19852.12019,1,0,,,0,0,0,0.331002017,0.668997983,290877
E05000440,Catford South,153,34.2,48.5,17.3,17639.55888,1,0,,,0,0,0,0.664215686,0.335784314,253009
E05000441,Crofton Park,150,45.1,39.6,15.3,21604.50718,1,0,,,0,0,0,0.564904998,0.435095002,279595
E05000442,Downham,147,20.2,49.6,30.2,15252.59914,1,0,,,0,0,0,0.450255733,0.549744267,199273
E05000443,Evelyn,167,33.5,47.4,19.1,15194.0109,1,0,,,0,0,0,0.201946826,0.798053174,213746
E05000444,Forest Hill,149,46.4,39.7,13.9,21641.90046,1,0,,,0,0,0,0.481094374,0.518905626,326765
E05000445,Grove Park,147,29.2,48.3,22.5,18305.59701,1,0,,,0,0,0,0.545616305,0.454383695,226463
E05000446,Ladywell,146,44.5,42.7,12.8,19271.10319,1,0,,,0,0,0,0.497049636,0.502950364,280423
E05000447,Lee Green,147,46.1,39.3,14.6,22558.72367,1,0,,,0,0,0,0.546360759,0.453639241,312140
E05000448,Lewisham Central,176,42,41.9,16.1,19122.77363,1,0,,,0,0,0,0.379176379,0.620823621,207445
E05000449,New Cross,158,34.7,47.4,17.9,15759.98863,1,0,,,0,0,0,0.268856448,0.731143552,206661
E05000450,Perry Vale,157,41.5,42.3,16.2,20207.03569,1,0,,,0,0,0,0.495154316,0.504845684,285626
E05000451,Rushey Green,150,32.9,49.1,18,17404.58894,1,0,,,0,0,0,0.418731021,0.581268979,221773
E05000452,Sydenham,157,36.6,44.7,18.7,19375.22721,1,0,,,0,0,0,0.434564993,0.565435007,263511
E05000453,Telegraph Hill,165,43.7,41.9,14.4,18679.71875,1,0,,,0,0,0,0.332166302,0.667833698,294543
E05000454,Whitefoot,143,22.7,51.4,25.9,15206.98012,1,0,,,0,0,0,0.498100235,0.501899765,184257
E05000455,Abbey,104,55.4,34.5,10.1,27677.87815,1,0,,,0,0,0,0.492338004,0.507661996,373414
E05000456,Cannon Hill,93,35.2,47.8,17,21355.24659,1,0,,,0,0,0,0.802318841,0.197681159,312927
E05000457,Colliers Wood,108,43.1,43.6,13.3,21505.97275,1,0,,,0,0,0,0.4985324,0.5014676,251248
E05000458,Cricket Green,116,23.3,52.2,24.5,14892.86863,1,0,,,0,0,0,0.43287037,0.56712963,205860
E05000459,Dundonald,94,60.7,31.5,7.8,30111.58812,1,0,,,0,0,0,0.617874035,0.382125965,424735
E05000460,Figge's Marsh,113,25.3,53.7,21,15545.83495,1,0,,,0,0,0,0.486153846,0.513846154,190356
E05000461,Graveney,99,32.1,52.1,15.8,17219.74211,1,0,,,0,0,0,0.623301532,0.376698468,248588
E05000462,Hillside,90,64.6,29,6.4,35657.38919,1,0,,,0,0,0,0.50388144,0.49611856,491899
E05000463,Lavender Fields,104,32.6,49.3,18.1,17313.70692,1,0,,,0,0,0,0.485728469,0.514271531,213624
E05000464,Longthornton,101,27.5,53.4,19.1,17045.51154,1,0,,,0,0,0,0.704059243,0.295940757,211963
E05000465,Lower Morden,92,24.5,54.6,20.9,19596.58872,1,0,,,0,0,0,0.848837209,0.151162791,248262
E05000466,Merton Park,95,50.1,38.4,11.5,24775.38276,1,0,,,0,0,0,0.725554643,0.274445357,425309
E05000467,Pollards Hill,104,23.4,54.9,21.7,15287.92937,1,0,,,0,0,0,0.619733623,0.380266377,206114
E05000468,Ravensbury,100,25.1,51.2,23.7,16211.94143,1,0,,,0,0,0,0.560094887,0.439905113,224747
E05000469,Raynes Park,98,54.3,36,9.7,29655.63251,1,0,,,0,0,0,0.620062246,0.379937754,498887
E05000470,St Helier,105,23.4,52.9,23.7,16287.09247,1,0,,,0,0,0,0.542756539,0.457243461,220087
E05000471,Trinity,99,59.6,31.2,9.2,28701.49661,1,0,,,0,0,0,0.53871345,0.46128655,431296
E05000472,Village,85,62.3,30.9,6.8,38666.14809,1,0,,,0,0,0,0.687986171,0.312013829,1670729
E05000473,West Barnes,99,41.9,44.2,13.9,22125.63827,1,0,,,0,0,0,0.770954357,0.229045643,342212
E05000474,Wimbledon Park,113,59.6,32.6,7.8,27515.04516,1,0,,,0,0,0,0.631738623,0.368261377,628030
E05000475,Beckton,153,27.9,52.9,19.2,13933.07326,1,0,,,0,0,0,0.314291101,0.685708899,235498
E05000476,Boleyn,162,28.8,48.8,22.4,11141.62857,1,0,,,0,0,0,0.419439935,0.580560065,201268
E05000477,Canning Town North,150,23.9,50.4,25.7,12423.43963,1,0,,,0,0,0,0.242380261,0.757619739,190858
E05000478,Canning Town South,162,33.3,44.1,22.6,15131.16158,1,0,,,0,0,0,0.226800881,0.773199119,225381
E05000479,Custom House,136,24.2,50.5,25.3,13266.29785,1,0,,,0,0,0,0.331203627,0.668796373,189319
E05000480,East Ham Central,161,32.6,48.1,19.3,10845.32593,1,0,,,0,0,0,0.433504934,0.566495066,200810
E05000481,East Ham North,140,31.1,49,19.9,9777.896687,1,0,,,0,0,0,0.467945205,0.532054795,241400
E05000482,East Ham South,158,24.1,51.6,24.3,11681.49566,1,0,,,0,0,0,0.426506024,0.573493976,200926
E05000483,Forest Gate North,165,33,49.2,17.8,13951.40687,1,0,,,0,0,0,0.37915355,0.62084645,231808
E05000484,Forest Gate South,176,32.7,49.7,17.6,13259.51192,1,0,,,0,0,0,0.319902744,0.680097256,220134
E05000485,Green Street East,161,30,49.7,20.3,9705.219445,1,0,,,0,0,0,0.439173321,0.560826679,211397
E05000486,Green Street West,153,29.8,48.6,21.6,9687.243137,1,0,,,0,0,0,0.443103448,0.556896552,223567
E05000487,Little Ilford,169,24.6,52.2,23.2,10511.83766,1,0,,,0,0,0,0.338157637,0.661842363,191135
E05000488,Manor Park,155,30.2,49.1,20.7,10892.96991,1,0,,,0,0,0,0.401657218,0.598342782,233248
E05000489,Plaistow North,157,26.8,49.6,23.6,11720.22717,1,0,,,0,0,0,0.314854577,0.685145423,201396
E05000490,Plaistow South,166,26.2,52,21.8,12145.76895,1,0,,,0,0,0,0.433605341,0.566394659,192568
E05000491,Royal Docks,108,42.7,43.2,14.1,18353.32041,1,0,,,0,0,0,0.268878719,0.731121281,250847
E05000492,Stratford and New Town,180,40.6,45.5,13.9,17211.87549,1,0,,,0,0,0,0.246694834,0.753305166,232091
E05000493,Wall End,150,29.6,50.8,19.6,10402.02899,1,0,,,0,0,0,0.44973545,0.55026455,207911
E05000494,West Ham,157,29.8,49.3,20.9,12988.02897,1,0,,,0,0,0,0.296296296,0.703703704,218151
E05000495,Aldborough,147,32,48.4,19.6,15698.95769,1,0,,,0,0,0,0.675924076,0.324075924,244884
E05000496,Barkingside,127,35.2,47.6,17.2,16719.11892,1,0,,,0,0,0,0.749590835,0.250409165,299436
E05000497,Bridge,118,29.9,50.2,19.9,19648.81367,1,0,,,0,0,0,0.701765448,0.298234552,273763
E05000498,Chadwell,144,28.5,53,18.5,16162.19087,1,0,,,0,0,0,0.675193798,0.324806202,217643
E05000499,Church End,116,46.3,41.4,12.3,24696.89489,1,0,,,0,0,0,0.647816462,0.352183538,317416
E05000500,Clayhall,133,34,49,17,15840.06368,1,0,,,0,0,0,0.809848854,0.190151146,343120
E05000501,Clementswood,148,32.4,49,18.6,11245.93343,1,0,,,0,0,0,0.469502588,0.530497412,214564
E05000502,Cranbrook,129,37.2,45.2,17.6,14824.22379,1,0,,,0,0,0,0.685323383,0.314676617,255320
E05000503,Fairlop,128,25.5,53.3,21.2,18086.69647,1,0,,,0,0,0,0.705195328,0.294804672,322603
E05000504,Fullwell,130,26.5,50.1,23.4,16115.84946,1,0,,,0,0,0,0.69488684,0.30511316,257215
E05000505,Goodmayes,132,31.4,50.5,18.1,13085.44793,1,0,,,0,0,0,0.580815348,0.419184652,238549
E05000506,Hainault,131,20.4,50.7,28.9,15624.15831,1,0,,,0,0,0,0.590461771,0.409538229,219632
E05000507,Loxford,167,31.1,48.8,20.1,10813.21775,1,0,,,0,0,0,0.431876103,0.568123897,204622
E05000508,Mayfield,138,29.9,49.6,20.5,13542.86543,1,0,,,0,0,0,0.726568006,0.273431994,292331
E05000509,Monkhams,105,41.6,43.4,15,25681.77059,1,0,,,0,0,0,0.817629179,0.182370821,515658
E05000510,Newbury,169,33.4,49.2,17.4,13603.65055,1,0,,,0,0,0,0.626430206,0.373569794,260268
E05000511,Roding,122,37,47.1,15.9,19724.11387,1,0,,,0,0,0,0.643631724,0.356368276,299870
E05000512,Seven Kings,153,31.7,49.9,18.4,13212.90323,1,0,,,0,0,0,0.578252671,0.421747329,253036
E05000513,Snaresbrook,120,50.1,35,14.9,25981.82912,1,0,,,0,0,0,0.625206992,0.374793008,369059
E05000514,Valentines,143,36.9,46.5,16.6,14479.50515,1,0,,,0,0,0,0.473662207,0.526337793,228439
E05000515,Wanstead,116,45.3,39.5,15.2,23085.77763,1,0,,,0,0,0,0.717263844,0.282736156,411228
E05000516,Barnes,103,57.5,33.4,9.1,34684.80348,1,0,,,0,0,0,0.577746741,0.422253259,924322
E05000517,East Sheen,104,61.6,31.8,6.6,32915.56412,1,0,,,0,0,0,0.702722236,0.297277764,796590
E05000518,Fulwell and Hampton Hill,102,52.8,36.4,10.8,28757.79866,1,0,,,0,0,0,0.718720602,0.281279398,430092
E05000519,"Ham, Petersham and Richmond Rive",103,46,39.9,14.1,26935.80789,1,0,,,0,0,0,0.605842697,0.394157303,536754
E05000520,Hampton,100,47.2,40.3,12.5,27536.0014,1,0,,,0,0,0,0.692620987,0.307379013,432202
E05000521,Hampton North,94,36.3,46.1,17.6,23274.08352,1,0,,,0,0,0,0.63999021,0.36000979,322136
E05000522,Hampton Wick,103,53.6,36.4,10,29458.08367,1,0,,,0,0,0,0.633894501,0.366105499,492135
E05000523,Heathfield,103,29.8,49.8,20.4,18865.16971,1,0,,,0,0,0,0.66258295,0.33741705,293614
E05000524,Kew,115,62,30.5,7.5,33299.86485,1,0,,,0,0,0,0.616639807,0.383360193,624341
E05000525,Mortlake and Barnes Common,109,57.6,32.6,9.8,32275.29412,1,0,,,0,0,0,0.586116171,0.413883829,659749
E05000526,North Richmond,107,59,30.8,10.2,32568.9704,1,0,,,0,0,0,0.570949486,0.429050514,573265
E05000527,St Margarets and North Twickenha,112,62.6,30.8,6.6,31338.61238,1,0,,,0,0,0,0.69515112,0.30484888,569352
E05000528,South Richmond,109,63.6,29.3,7.1,37154.24622,1,0,,,0,0,0,0.518575851,0.481424149,810052
E05000529,South Twickenham,100,55.3,38.3,6.4,29587.32788,1,0,,,0,0,0,0.710896961,0.289103039,503369
E05000530,Teddington,104,58.5,33.8,7.7,32458.65225,1,0,,,0,0,0,0.671793761,0.328206239,485367
E05000531,Twickenham Riverside,104,63.8,30,6.2,34656.19399,1,0,,,0,0,0,0.579847517,0.420152483,581698
E05000532,West Twickenham,106,45.1,41.5,13.4,25186.07559,1,0,,,0,0,0,0.721028037,0.278971963,354114
E05000533,Whitton,98,36.9,46.1,17,22562.8294,1,0,,,0,0,0,0.744100682,0.255899318,305800
E05000534,Brunswick Park,132,41.5,43.3,15.2,18573.18282,1,0,,,0,0,0,0.318449553,0.681550447,356136
E05000535,Camberwell Green,151,34.3,46.4,19.3,16637.5825,1,0,,,0,0,0,0.16929514,0.83070486,258004
E05000536,Cathedrals,150,45.8,41.5,12.7,22384.33387,1,0,,,0,0,0,0.262665376,0.737334624,624578
E05000537,Chaucer,152,48.8,39.9,11.3,20273.04388,1,0,,,0,0,0,0.256615878,0.743384122,350240
E05000538,College,119,48.7,37.7,13.6,23619.78102,1,0,,,0,0,0,0.50970297,0.49029703,449690
E05000539,East Dulwich,124,56.5,31.2,12.3,27972.47296,1,0,,,0,0,0,0.528978667,0.471021333,401087
E05000540,East Walworth,116,32.4,46.8,20.8,16252.75142,1,0,,,0,0,0,0.176035503,0.823964497,319539
E05000541,Faraday,129,28.6,49.6,21.8,15317.90127,1,0,,,0,0,0,0.140494221,0.859505779,265996
E05000542,Grange,154,46.3,38,15.7,23496.98292,1,0,,,0,0,0,0.23724236,0.76275764,359387
E05000543,Livesey,142,27.9,48.3,23.8,14494.3335,1,0,,,0,0,0,0.171166307,0.828833693,241369
E05000544,Newington,142,37.5,43.1,19.4,19629.00712,1,0,,,0,0,0,0.233918129,0.766081871,336158
E05000545,Nunhead,137,34.8,44.1,21.1,17689.38596,1,0,,,0,0,0,0.324991188,0.675008812,282344
E05000546,Peckham,148,30.6,49.8,19.6,14241.9606,1,0,,,0,0,0,0.220113159,0.779886841,196245
E05000547,Peckham Rye,136,49.7,36.5,13.8,23431.01089,1,0,,,0,0,0,0.482383874,0.517616126,344517
E05000548,Riverside,145,54.9,31.6,13.5,28990.20273,1,0,,,0,0,0,0.317870397,0.682129603,490377
E05000549,Rotherhithe,138,43,39.5,17.5,20962.9639,1,0,,,0,0,0,0.274891049,0.725108951,327078
E05000550,South Bermondsey,138,30.9,47.2,21.9,16531.91471,1,0,,,0,0,0,0.251265933,0.748734067,242339
E05000551,South Camberwell,127,49,38.6,12.4,21486.81915,1,0,,,0,0,0,0.407690799,0.592309201,328370
E05000552,Surrey Docks,135,56,32.2,11.8,27433.32099,1,0,,,0,0,0,0.39864418,0.60135582,328623
E05000553,The Lane,156,42,40.5,17.5,20002.61078,1,0,,,0,0,0,0.35546508,0.64453492,352826
E05000554,Village,125,63.7,26.9,9.4,29913.6236,1,0,,,0,0,0,0.651965066,0.348034934,794180
E05000555,Beddington North,104,25.1,55.1,19.8,18676.95087,1,0,,,0,0,0,0.801833044,0.198166956,232129
E05000556,Beddington South,107,26.7,52.3,21,16701.49842,1,0,,,0,0,0,0.574987787,0.425012213,343220
E05000557,Belmont,101,40.4,45.9,13.7,23865.48725,1,0,,,0,0,0,0.703643911,0.296356089,324019
E05000558,Carshalton Central,101,35.7,48.9,15.4,21540.17804,1,0,,,0,0,0,0.756969264,0.243030736,259043
E05000559,Carshalton South and Clockhouse,98,34.8,49.7,15.5,19982.98999,1,0,,,0,0,0,0.815229563,0.184770437,349467
E05000560,Cheam,104,38.6,46.8,14.6,21962.52897,1,0,,,0,0,0,0.835717936,0.164282064,455017
E05000561,Nonsuch,107,27.1,54.3,18.6,19611.3627,1,0,,,0,0,0,0.857249626,0.142750374,308987
E05000562,St Helier,120,17.7,55,27.3,14104.96389,1,0,,,0,0,0,0.471817193,0.528182807,194409
E05000563,Stonecot,108,22.5,57,20.5,17444.95687,1,0,,,0,0,0,0.858634743,0.141365257,258733
E05000564,Sutton Central,111,31.2,50.2,18.6,20504.78061,1,0,,,0,0,0,0.53373054,0.46626946,197311
E05000565,Sutton North,104,25.7,52.7,21.6,18468.46678,1,0,,,0,0,0,0.746157541,0.253842459,232368
E05000566,Sutton South,97,41.6,42.7,15.7,25647.51293,1,0,,,0,0,0,0.544949599,0.455050401,217882
E05000567,Sutton West,106,38.6,47.9,13.5,22893.34747,1,0,,,0,0,0,0.686752137,0.313247863,246586
E05000568,The Wrythe,102,23.2,54.6,22.2,18132.26642,1,0,,,0,0,0,0.720535501,0.279464499,220719
E05000569,Wallington North,107,30.3,53.3,16.4,20566.01249,1,0,,,0,0,0,0.689853788,0.310146212,236245
E05000570,Wallington South,103,32,49.3,18.7,20454.91822,1,0,,,0,0,0,0.639910814,0.360089186,272613
E05000571,Wandle Valley,117,21.5,54.8,23.7,15711.7639,1,0,,,0,0,0,0.513530655,0.486469345,186920
E05000572,Worcester Park,117,30.8,52,17.2,19808.97999,1,0,,,0,0,0,0.7725423,0.2274577,281445
E05000573,Bethnal Green North,138,40.2,37.7,22.1,18097.01223,1,0,,,0,0,0,0.232298829,0.767701171,284006
E05000574,Bethnal Green South,143,35.5,43.1,21.4,15930.56843,1,0,,,0,0,0,0.222921434,0.777078566,284006
E05000575,Blackwall and Cubitt Town,197,50.8,34.6,14.6,26594.93935,1,0,,,0,0,0,0.28645713,0.71354287,359158
E05000576,Bow East,149,42,36.6,21.4,21689.51724,1,0,,,0,0,0,0.259287339,0.740712661,253884
E05000577,Bow West,131,43.6,36.1,20.3,20497.80014,1,0,,,0,0,0,0.331004192,0.668995808,373342
E05000578,Bromley-by-Bow,146,27.9,46.6,25.5,14574.21733,1,0,,,0,0,0,0.185278695,0.814721305,246879
E05000579,East India and Lansbury,150,23.4,45.9,30.7,13822.48533,1,0,,,0,0,0,0.213538696,0.786461304,238302
E05000580,Limehouse,162,37.4,40.7,21.9,18917.8408,1,0,,,0,0,0,0.278897638,0.721102362,443754
E05000581,Mile End and Globe Town,153,34.2,46.3,19.5,15522.7337,1,0,,,0,0,0,0.271860987,0.728139013,240709
E05000582,Mile End East,135,31.9,44.8,23.3,14941.26131,1,0,,,0,0,0,0.189799871,0.810200129,274137
E05000583,Millwall,234,57.2,31.4,11.4,31421.83424,1,0,,,0,0,0,0.298124018,0.701875982,377799
E05000584,St Dunstan's and Stepney Green,164,29.9,43.2,26.9,14922.32065,1,0,,,0,0,0,0.248823837,0.751176163,323879
E05000585,St Katharine's and Wapping,126,57.8,29.9,12.3,33923.13847,1,0,,,0,0,0,0.416275954,0.583724046,373897
E05000586,Shadwell,153,37.7,41,21.3,18418.37503,1,0,,,0,0,0,0.269131556,0.730868444,501847
E05000587,Spitalfields and Banglatown,104,44.4,38.4,17.2,20080.60326,1,0,,,0,0,0,0.26974359,0.73025641,289989
E05000588,Weavers,133,43.9,35.5,20.6,20367.85136,1,0,,,0,0,0,0.253723309,0.746276691,357388
E05000589,Whitechapel,150,45,37.9,17.1,19297.48801,1,0,,,0,0,0,0.226496464,0.773503536,361884
E05000590,Cann Hall,139,30.5,50.3,19.2,13932.33899,1,0,,,0,0,0,0.396351243,0.603648757,209818
E05000591,Cathall,128,28.6,52.1,19.3,13052.80737,1,0,,,0,0,0,0.28807947,0.71192053,221536
E05000592,Chapel End,142,29.3,52,18.7,15532.66624,1,0,,,0,0,0,0.593959732,0.406040268,218382
E05000593,Chingford Green,104,27.1,48.7,24.2,20354.7077,1,0,,,0,0,0,0.697559884,0.302440116,288488
E05000594,Endlebury,108,24.7,51.8,23.5,17934.33962,1,0,,,0,0,0,0.746622422,0.253377578,280532
E05000595,Forest,127,33.3,47.4,19.3,14753.16336,1,0,,,0,0,0,0.517495396,0.482504604,275994
E05000596,Grove Green,147,34.8,49.5,15.7,15317.55296,1,0,,,0,0,0,0.460344828,0.539655172,215872
E05000597,Hale End and Highams Park,114,28.9,51.1,20,17377.7001,1,0,,,0,0,0,0.680372938,0.319627062,273502
E05000598,Hatch Lane,112,24.1,49.7,26.2,17357.28251,1,0,,,0,0,0,0.631555654,0.368444346,262490
E05000599,High Street,143,35.7,46,18.3,16020.61754,1,0,,,0,0,0,0.48352242,0.51647758,221302
E05000600,Higham Hill,133,24.7,51.6,23.7,13551.64212,1,0,,,0,0,0,0.430921053,0.569078947,200216
E05000601,Hoe Street,140,36.4,44.6,19,15931.81442,1,0,,,0,0,0,0.404467417,0.595532583,259141
E05000602,Larkswood,114,21.6,52.2,26.2,16399.60354,1,0,,,0,0,0,0.690181982,0.309818018,250992
E05000603,Lea Bridge,158,26.6,50.4,23,13286.55072,1,0,,,0,0,0,0.459531892,0.540468108,203876
E05000604,Leyton,143,28.5,50.4,21.1,13390.02866,1,0,,,0,0,0,0.343191857,0.656808143,207240
E05000605,Leytonstone,130,40.8,44.1,15.1,17396.6261,1,0,,,0,0,0,0.462111801,0.537888199,262316
E05000606,Markhouse,138,30.9,48.3,20.8,14213.56894,1,0,,,0,0,0,0.446957237,0.553042763,212559
E05000607,Valley,115,20.2,53.7,26.1,15068.23101,1,0,,,0,0,0,0.678629312,0.321370688,223525
E05000608,William Morris,134,33.6,46,20.4,15415.76104,1,0,,,0,0,0,0.482272361,0.517727639,212504
E05000609,Wood Street,135,33,46.2,20.8,16140.32184,1,0,,,0,0,0,0.444381061,0.555618939,250101
E05000610,Balham,148,67.6,25.3,7.1,32833.41855,1,0,,,0,0,0,0.537849873,0.462150127,616057
E05000611,Bedford,146,61.1,29.8,9.1,28836.45033,1,0,,,0,0,0,0.447450249,0.552549751,490607
E05000612,Earlsfield,155,53.8,34.3,11.9,26405.01192,1,0,,,0,0,0,0.473180935,0.526819065,384741
E05000613,East Putney,151,62.9,29.2,7.9,32336.13271,1,0,,,0,0,0,0.484413159,0.515586841,478166
E05000614,Fairfield,147,62.8,28.7,8.5,31771.21903,1,0,,,0,0,0,0.486767767,0.513232233,503285
E05000615,Furzedown,156,41,43.5,15.5,20432.90277,1,0,,,0,0,0,0.549638838,0.450361162,302508
E05000616,Graveney,153,44.9,40.4,14.7,20971.1082,1,0,,,0,0,0,0.453114754,0.546885246,311933
E05000617,Latchmere,154,40.7,41.4,17.9,20701.43274,1,0,,,0,0,0,0.302249852,0.697750148,347415
E05000618,Nightingale,148,63,28.1,8.9,31155.99593,1,0,,,0,0,0,0.516406499,0.483593501,559317
E05000619,Northcote,150,68.7,24.6,6.7,34029.96342,1,0,,,0,0,0,0.533676258,0.466323742,646609
E05000620,Queenstown,164,50,38.1,11.9,26950.17517,1,0,,,0,0,0,0.351711027,0.648288973,447272
E05000621,Roehampton and Putney Heath,161,27.3,54.5,18.2,15034.03385,1,0,,,0,0,0,0.297911755,0.702088245,387258
E05000622,St Mary's Park,166,52.1,36.5,11.4,30117.29226,1,0,,,0,0,0,0.438734668,0.561265332,695769
E05000623,Shaftesbury,142,61.7,27.4,10.9,32529.80245,1,0,,,0,0,0,0.442505453,0.557494547,521202
E05000624,Southfields,164,57.6,32.3,10.1,29009.3304,1,0,,,0,0,0,0.554996405,0.445003595,447657
E05000625,Thamesfield,149,68.6,25.1,6.3,35937.11395,1,0,,,0,0,0,0.560200669,0.439799331,643448
E05000626,Tooting,163,42.5,43.1,14.4,18416.05215,1,0,,,0,0,0,0.419402985,0.580597015,310994
E05000627,Wandsworth Common,153,53.9,35.1,11,26807.95382,1,0,,,0,0,0,0.62039356,0.37960644,692317
E05000628,West Hill,165,45.1,40.6,14.3,22492.67606,1,0,,,0,0,0,0.451478053,0.548521947,423264
E05000629,West Putney,148,48.7,36.8,14.5,25754.29547,1,0,,,0,0,0,0.519461797,0.480538203,521407
E05000630,Abbey Road,113,56.6,33.4,10,45496.97736,1,0,,,0,0,0,0.42953149,0.57046851,1182554
E05000631,Bayswater,103,61.3,31.2,7.5,47456.52284,1,0,,,0,0,0,0.345517367,0.654482633,960560
E05000632,Bryanston and Dorset Square,120,58,33.8,8.2,54212.9965,1,0,,,0,0,0,0.331932773,0.668067227,815678
E05000633,Churchill,96,38.4,42.5,19.1,33074.63967,1,0,,,0,0,0,0.261126946,0.738873054,731287
E05000634,Church Street,118,26.4,45.5,28.1,18078.44114,1,0,,,0,0,0,0.176732359,0.823267641,437531
E05000635,Harrow Road,120,39.5,42.1,18.4,26305.95867,1,0,,,0,0,0,0.242870285,0.757129715,426352
E05000636,Hyde Park,125,54.7,34.2,11.1,47755.46431,1,0,,,0,0,0,0.341064337,0.658935663,842009
E05000637,Knightsbridge and Belgravia,93,47.8,46.5,5.7,99269.45529,1,0,,,0,0,0,0.467027306,0.532972694,2518738
E05000638,Lancaster Gate,132,60.8,32.1,7.1,47547.05455,1,0,,,0,0,0,0.314479305,0.685520695,803194
E05000639,Little Venice,107,56.5,32,11.5,41190.29368,1,0,,,0,0,0,0.396115719,0.603884281,810051
E05000640,Maida Vale,102,52.2,34.6,13.2,34563.23391,1,0,,,0,0,0,0.3609375,0.6390625,595447
E05000641,Marylebone High Street,104,61.5,32.7,5.8,63330.85078,1,0,,,0,0,0,0.32549963,0.67450037,1053954
E05000642,Queen's Park,126,30.3,47.1,22.6,22015.38547,1,0,,,0,0,0,0.23491631,0.76508369,387533
E05000643,Regent's Park,121,52.2,34.8,13,44377.7752,1,0,,,0,0,0,0.382223724,0.617776276,914232
E05000644,St James's,108,49.9,39.4,10.7,53888.44426,1,0,,,0,0,0,0.265955456,0.734044544,886292
E05000645,Tachbrook,82,55.1,32.4,12.5,50078.08102,1,0,,,0,0,0,0.263454861,0.736545139,700396
E05000646,Vincent Square,100,53.1,35.2,11.7,43973.18005,1,0,,,0,0,0,0.336351112,0.663648888,626065
E05000647,Warwick,94,58.5,32.1,9.4,49334.35701,1,0,,,0,0,0,0.350049751,0.649950249,699658
E05000648,Westbourne,128,35.7,41.9,22.4,22595.18716,1,0,,,0,0,0,0.227035101,0.772964899,501570
E05000649,West End,106,54.6,35.8,9.6,67399.21674,1,0,,,0,0,0,0.240508475,0.759491525,1293066
