GSS_CODE,NAME,Borough_Name,comfort,firm_count,population,population_density,employment_rate,mean_house_price,total_space,residence_space_rate,public_building_space,green_space_rate,empty_space_rate,residence_house_count,own_house_rate,rent_rate,mean_commuting_distacne,mean_income,mean_assets,nor_railway,nor_safety
E09000001,City of London,City of London,,,74,,,559837,31514.8,7.6,37.5,4.8,12.2,44,0.425997719,0.574002281,,72392.86292,,1,0.68961382
E05000026,Abbey,Barking and Dagenham,,,129,,,172656,12789.7,11.6,8.7,19.8,14.7,46,0.337926509,0.662073491,,13948.86159,,0.058823529,0.907392363
E05000027,Alibon,Barking and Dagenham,,,105,,,162656,13608.1,11.3,2.7,22.9,4.8,40,0.465625787,0.534374213,,14023.02732,,0.058823529,0.953643674
E05000028,Becontree,Barking and Dagenham,,,116,,,182533,12841.4,15.2,3.4,5.9,5.4,43,0.489361702,0.510638298,,13892.38185,,0,0.949887214
E05000029,Chadwell Heath,Barking and Dagenham,,,101,,,190375,33804.2,5.3,1.7,64.3,4.2,39,0.544901065,0.455098935,,15249.59596,,0,0.950580807
E05000030,Eastbrook,Barking and Dagenham,,,106,,,192068,34541.2,6.2,4.8,45.8,9.1,39,0.680730641,0.319269359,,15718.56535,,0.058823529,0.962256765
E05000031,Eastbury,Barking and Dagenham,,,117,,,176951,14453.1,12.1,3.9,15.8,8.5,43,0.447799625,0.552200375,,13556.36767,,0,0.958813047
E05000032,Gascoigne,Barking and Dagenham,,,126,,,151068,11339.2,10.8,9.5,19.6,18.1,46,0.265446717,0.734553283,,12478.89889,,0,0.937998306
E05000033,Goresbrook,Barking and Dagenham,,,114,,,156383,12799.6,12.8,2.5,19.1,4.6,42,0.459132907,0.540867093,,14017.41152,,0,0.957587656
E05000034,Heath,Barking and Dagenham,,,109,,,171274,20054.5,8,4.2,39.9,8.3,43,0.424368775,0.575631225,,14291.73613,,0,0.94782573
E05000035,Longbridge,Barking and Dagenham,,,116,,,249809,16401.2,13.8,2.5,22.4,6.5,37,0.703763441,0.296236559,,14956.85366,,0.058823529,0.960034861
E05000036,Mayesbrook,Barking and Dagenham,,,104,,,174293,18507.7,9,1.7,35.8,4.9,39,0.445574771,0.554425229,,13523.29209,,0.058823529,0.959322464
E05000037,Parsloes,Barking and Dagenham,,,99,,,160310,12432.8,12.7,2.4,20.4,4.2,38,0.486450934,0.513549066,,13830.18251,,0,0.961264557
E05000038,River,Barking and Dagenham,,,110,,,157974,35515.3,6,15.3,16.8,24.3,40,0.527336861,0.472663139,,13919.53332,,0,0.952733537
E05000039,Thames,Barking and Dagenham,,,108,,,169534,78835.5,3.2,9.4,41.6,21.2,40,0.372945638,0.627054362,,13525.00786,,0.058823529,0.933822682
E05000040,Valence,Barking and Dagenham,,,99,,,175004,12925.9,12.8,4.5,17.2,7.3,38,0.478717814,0.521282186,,14583.40137,,0,0.958451395
E05000041,Village,Barking and Dagenham,,,109,,,161101,21398.7,8.4,1.9,46.5,5.4,44,0.418494235,0.581505765,,14847.00451,,0,0.949321767
E05000042,Whalebone,Barking and Dagenham,,,107,,,190367,15540.8,12.4,8.7,16.9,12.2,40,0.64794762,0.35205238,,15990.90448,,0,0.956133605
E05000043,Brunswick Park,Barnet,,,165,,,343184,31737,10.3,3.2,27.9,7,61,0.768773725,0.231226275,,19707.67716,,0,0.971816027
E05000044,Burnt Oak,Barnet,,,183,,,219479,20640.7,10.8,3.8,24.7,7.8,64,0.409574468,0.590425532,,13571.2621,,0.058823529,0.967591599
E05000045,Childs Hill,Barnet,,,201,,,783573,30889,12.9,4.2,13.7,6.1,77,0.457064793,0.542935207,,20524.51024,,0,0.949476906
E05000046,Colindale,Barnet,,,172,,,231667,26418.1,8,10.2,31.8,15.7,63,0.383942766,0.616057234,,14733.00297,,0.058823529,0.9638566
E05000047,Coppetts,Barnet,,,173,,,343358,27203.5,10.9,3.6,32.3,7.6,69,0.574553828,0.425446172,,20619.41656,,0,0.960915373
E05000048,East Barnet,Barnet,,,162,,,329088,37521.5,9.4,2.2,35.8,4.8,65,0.686112387,0.313887613,,21476.8268,,0.117647059,0.970253867
E05000049,East Finchley,Barnet,,,161,,,420146,25239.6,10.3,3.5,39.5,4.9,66,0.509558934,0.490441066,,23018.28349,,0.058823529,0.967005057
E05000050,Edgware,Barnet,,,168,,,354105,55601.8,6.1,2.4,53.1,4.2,60,0.616117706,0.383882294,,18599.82189,,0.058823529,0.95404558
E05000051,Finchley Church End,Barnet,,,158,,,569412,27093.1,13.7,3.2,17,5.2,63,0.624940353,0.375059647,,24909.24832,,0,0.974234929
E05000052,Garden Suburb,Barnet,,,160,,,985132,47308.9,9.6,2.7,28,4.9,63,0.663003663,0.336996337,,30284.97186,,0.058823529,0.960180887
E05000053,Golders Green,Barnet,,,189,,,507186,29776.1,13.2,4.8,18.6,8.3,62,0.501462463,0.498537537,,18214.35805,,0.058823529,0.961567102
E05000054,Hale,Barnet,,,175,,,402147,54216.4,6.5,0.9,52.7,2.1,62,0.672756669,0.327243331,,18294.06857,,0.058823529,0.972434594
E05000055,Hendon,Barnet,,,185,,,423566,28399.1,11.7,5,21.8,7.3,70,0.494903087,0.505096913,,19840.12416,,0.058823529,0.963286079
E05000056,High Barnet,Barnet,,,154,,,408041,83090.2,5,1.7,61.8,3.2,65,0.709149327,0.290850673,,25899.80344,,0.058823529,0.958726055
E05000057,Mill Hill,Barnet,,,185,,,480997,93872.6,4.7,1.9,61.5,4.6,69,0.647563636,0.352436364,,21397.14409,,0.058823529,0.960708701
E05000058,Oakleigh,Barnet,,,159,,,425173,33169,11.3,2.2,17.8,4.7,62,0.710304601,0.289695399,,21823.85168,,0,0.969949047
E05000059,Totteridge,Barnet,,,152,,,596419,87676.4,4.5,1.3,63.1,2.7,58,0.674750602,0.325249398,,24647.70257,,0.117647059,0.975304942
E05000060,Underhill,Barnet,,,160,,,326225,45521,7.3,1.7,48.6,3.8,63,0.616909898,0.383090102,,19529.97747,,0,0.966426401
E05000061,West Finchley,Barnet,,,166,,,369784,21610.1,14.2,4.9,15.8,8.7,67,0.542557966,0.457442034,,23074.58117,,0.117647059,0.965011984
E05000062,West Hendon,Barnet,,,175,,,352576,34257,8.9,4.6,30.1,8.2,62,0.491163239,0.508836761,,16942.19663,,0.058823529,0.945176321
E05000063,Woodhouse,Barnet,,,176,,,334244,26123.3,12.5,4.6,21.8,7.9,69,0.585143354,0.414856646,,19981.52058,,0,0.954792974
E05000064,Barnehurst,Bexley,,,105,,,223881,28704,8.3,2.2,38.4,5.2,42,0.802976612,0.197023388,,18477.4534,,0.058823529,0.978884815
E05000065,Belvedere,Bexley,,,119,,,170898,31611.5,8,7.8,31.9,13.7,48,0.64293107,0.35706893,,16358.00067,,0,0.967739759
E05000066,Blackfen and Lamorbey,Bexley,,,107,,,241024,16865.7,14.9,2.4,9.5,4.2,42,0.873015873,0.126984127,,19143.80206,,0,0.986997258
E05000067,Blendon and Penhill,Bexley,,,110,,,261895,20975.6,12.8,2.4,14.1,4.3,42,0.887916765,0.112083235,,18878.80033,,0,0.982118864
E05000068,Brampton,Bexley,,,106,,,256765,19729.9,13.8,1.3,10.9,2.3,42,0.891612593,0.108387407,,19306.10272,,0,0.98420826
E05000069,Christchurch,Bexley,,,110,,,236545,25476.9,11.6,6.2,19.4,7.4,45,0.809011432,0.190988568,,19715.18112,,0,0.945862608
E05000070,Colyers,Bexley,,,112,,,198440,16411.4,12.5,1.7,15.8,5.5,44,0.627287102,0.372712898,,16214.73562,,0,0.978299715
E05000071,Crayford,Bexley,,,113,,,179605,39682,5.7,6.7,45.3,9.3,47,0.669829222,0.330170778,,17502.82065,,0.058823529,0.970556965
E05000072,Cray Meadows,Bexley,,,113,,,247739,71840.6,3.8,2.4,66.9,5.1,47,0.66964096,0.33035904,,17801.9984,,0.058823529,0.977410474
E05000073,Danson Park,Bexley,,,109,,,241355,27163.9,9.3,2.9,33.3,6.1,45,0.789804626,0.210195374,,18995.72332,,0,0.970309596
E05000074,East Wickham,Bexley,,,109,,,219631,21686.7,10.5,2,29.7,3.9,42,0.772446556,0.227553444,,16807.03548,,0.058823529,0.977848539
E05000075,Erith,Bexley,,,121,,,166475,47561.7,1.6,3.2,7.4,5.8,49,0.582335025,0.417664975,,16319.29739,,0.058823529,0.961432243
E05000076,Falconwood and Welling,Bexley,,,108,,,223721,16654.2,13.7,3.6,5.7,5.1,41,0.88705368,0.11294632,,18019.8193,,0,0.977699707
E05000077,Lesnes Abbey,Bexley,,,114,,,203619,23702.8,8.6,1.9,37.9,5.6,45,0.68002687,0.31997313,,16672.13201,,0,0.971389329
E05000078,Longlands,Bexley,,,105,,,257821,25921.2,9.5,3.1,34.4,5.2,45,0.754464286,0.245535714,,21333.26883,,0,0.980241411
E05000079,North End,Bexley,,,116,,,148943,56892.8,4.1,4.5,54,11.8,46,0.474195638,0.525804362,,14243.38755,,0.058823529,0.957758332
E05000080,Northumberland Heath,Bexley,,,106,,,214266,17632.8,12.6,3.4,16,5.7,40,0.808103405,0.191896595,,16932.84654,,0,0.978852683
E05000081,St Mary's,Bexley,,,105,,,317477,44285.6,6.7,1.7,44.3,3.5,43,0.85967366,0.14032634,,21908.30167,,0.058823529,0.979661697
E05000082,St Michael's,Bexley,,,112,,,226545,14443.4,15.1,1.7,8.3,3.5,40,0.863044567,0.136955433,,16527.32403,,0,0.98535117
E05000083,Sidcup,Bexley,,,109,,,263454,27024.2,10.3,4.3,29.8,7,45,0.758789497,0.241210503,,20929.28644,,0.058823529,0.973706774
E05000084,Thamesmead East,Bexley,,,121,,,131370,48367.8,3.6,3.6,53.8,11.4,46,0.414570116,0.585429884,,15222.13762,,0,0.968980524
E05000085,Alperton,Brent,,,141,,,225559,20584.6,8.6,14.3,17.3,16,42,0.567372474,0.432627526,,11921.92706,,0,0.95068304
E05000086,Barnhill,Brent,,,159,,,328653,29748.4,9.8,2.5,32.8,5.6,54,0.457739967,0.542260033,,14654.88908,,0,0.960892157
E05000087,Brondesbury Park,Brent,,,131,,,610531,17223.6,15.5,2.9,11.4,4.4,53,0.448107906,0.551892094,,20618.67603,,0,0.955688519
E05000088,Dollis Hill,Brent,,,135,,,298037,22978.7,8.3,9,19.8,11.5,43,0.531660413,0.468339587,,12115.32509,,0,0.954743508
E05000089,Dudden Hill,Brent,,,151,,,367417,16815.9,15.7,6.6,14.5,9.1,52,0.447095037,0.552904963,,14262.47161,,0.058823529,0.94709149
E05000090,Fryent,Brent,,,135,,,292163,26583.5,8.3,4.2,42,5.8,44,0.578875171,0.421124829,,14300.94478,,0.058823529,0.963177419
E05000091,Harlesden,Brent,,,173,,,243734,11148.3,22.1,5.1,8.5,6,67,0.23534716,0.76465284,,12942.32662,,0,0.930960937
E05000092,Kensal Green,Brent,,,150,,,352525,11209.6,22.8,4.9,8.5,5.2,61,0.373247567,0.626752433,,17254.89642,,0.117647059,0.944965937
E05000093,Kenton,Brent,,,122,,,391362,22501.8,11.3,2.2,15.7,4.2,39,0.736937403,0.263062597,,16830.79105,,0,0.968855277
E05000094,Kilburn,Brent,,,171,,,410477,9439.9,17,9,11.3,11.1,77,0.251893445,0.748106555,,18944.22087,,0.058823529,0.942610853
E05000095,Mapesbury,Brent,,,156,,,477726,13944.6,20.6,3.4,9,4.5,63,0.350721421,0.649278579,,18659.21004,,0.058823529,0.955146718
E05000096,Northwick Park,Brent,,,129,,,340551,26730.5,9.4,3.2,29.6,4.7,41,0.63179512,0.36820488,,16914.64305,,0.176470588,0.963959602
E05000097,Preston,Brent,,,156,,,288147,23950.3,11.1,4.9,18.1,10.2,50,0.566166166,0.433833834,,14348.5494,,0.117647059,0.96101842
E05000098,Queens Park,Brent,,,154,,,594726,14886,19.4,4.4,17.9,4.3,63,0.448198916,0.551801084,,22038.32304,,0.058823529,0.948878468
E05000099,Queensbury,Brent,,,152,,,291198,20499.1,10.8,9.2,16.4,9.7,47,0.61582399,0.38417601,,13440.72713,,0.058823529,0.955181806
E05000100,Stonebridge,Brent,,,170,,,204807,40547.8,5.9,17.4,22.6,19.6,59,0.208029815,0.791970185,,11155.50714,,0.058823529,0.929104727
E05000101,Sudbury,Brent,,,150,,,244708,21300.2,11,2.1,33.7,5.7,48,0.510840388,0.489159612,,13303.18532,,0.117647059,0.963579461
E05000102,Tokyngton,Brent,,,152,,,262852,27638.4,8.4,12.3,18.9,14.3,49,0.528371711,0.471628289,,13342.51514,,0.058823529,0.9387952
E05000103,Welsh Harp,Brent,,,138,,,276178,23124,11.6,2.1,23,5.1,48,0.513828239,0.486171761,,13598.72038,,0.058823529,0.959420012
E05000104,Wembley Central,Brent,,,148,,,247850,16025.7,12.3,7.2,21.7,8.4,44,0.494292237,0.505707763,,11494.01998,,0.176470588,0.927987717
E05000105,Willesden Green,Brent,,,157,,,281241,15471.9,13.8,6.9,31.6,8.1,61,0.28333608,0.71666392,,15047.29504,,0.058823529,0.94006997
E05000106,Bickley,Bromley,,,152,,,437571,48687.8,9.8,1.9,22,4.9,60,0.806602983,0.193397017,,24469.18324,,0.058823529,0.977098423
E05000107,Biggin Hill,Bromley,,,100,,,254552,82821.9,3.6,1.3,69.5,6.8,39,0.88797954,0.11202046,,20621.61784,,0,0.976108532
E05000108,Bromley Common and Keston,Bromley,,,152,,,408275,83208,5,1.1,59.3,2.3,62,0.73908842,0.26091158,,21549.6045,,0,0.97321453
E05000109,Bromley Town,Bromley,,,169,,,295070,37175.5,11,7.3,20.4,7.3,74,0.662260588,0.337739412,,25252.3016,,0.176470588,0.922411784
E05000110,Chelsfield and Pratts Bottom,Bromley,,,146,,,343481,125615,3.3,0.6,70.5,1.5,58,0.875643225,0.124356775,,23062.20912,,0.117647059,0.982150383
E05000111,Chislehurst,Bromley,,,149,,,460408,104491.5,4.8,1.2,59.1,2.6,61,0.801610782,0.198389218,,25198.44225,,0.117647059,0.963232897
E05000112,Clock House,Bromley,,,157,,,276429,22660.9,15.5,3,18.8,5.8,69,0.688161136,0.311838864,,23804.88755,,0.117647059,0.972003711
E05000113,Copers Cope,Bromley,,,155,,,278746,32858.4,10.2,4.8,23.6,8.9,81,0.618830207,0.381169793,,29449.89331,,0.117647059,0.963950788
E05000114,Cray Valley East,Bromley,,,155,,,199380,132884.5,2.8,1.8,75,3.2,67,0.632302405,0.367697595,,17522.98089,,0.058823529,0.941126292
E05000115,Cray Valley West,Bromley,,,169,,,238067,39378.1,9.1,2.6,25.8,4.9,68,0.595336482,0.404663518,,15979.50625,,0,0.957433158
E05000116,Crystal Palace,Bromley,,,123,,,222383,22934.9,7.5,3,37.5,12.5,61,0.364037958,0.635962042,,21320.59086,,0.117647059,0.944367476
E05000117,Darwin,Bromley,,,51,,,380682,290352.4,0.8,0.4,90,1,21,0.837175793,0.162824207,,22677.63573,,0,0.970254475
E05000118,Farnborough and Crofton,Bromley,,,147,,,353345,69953.3,6.6,1.3,50.5,2.9,61,0.835286458,0.164713542,,24218.44396,,0,0.980227608
E05000119,Hayes and Coney Hall,Bromley,,,160,,,335834,108165.5,3.8,0.9,67.6,2.1,61,0.884615385,0.115384615,,22557.92832,,0,0.981490946
E05000120,Kelsey and Eden Park,Bromley,,,160,,,374239,51999.1,7.7,3.2,41.8,6.7,64,0.796772172,0.203227828,,23081.43536,,0.117647059,0.960119667
E05000121,Mottingham and Chislehurst North,Bromley,,,100,,,255632,24493.4,8.5,1.8,43.6,3.6,43,0.564012215,0.435987785,,17675.93909,,0,0.951495811
E05000122,Orpington,Bromley,,,154,,,283713,42564.1,9.7,2.8,22.7,4.1,63,0.755874468,0.244125532,,19874.14984,,0.058823529,0.958860061
E05000123,Penge and Cator,Bromley,,,174,,,301781,29569.6,11.8,6.2,24.5,8.6,77,0.49048488,0.50951512,,20208.1741,,0.235294118,0.949887214
E05000124,Petts Wood and Knoll,Bromley,,,137,,,420067,43022,9.8,1,22.5,1.6,54,0.894949495,0.105050505,,25109.42959,,0.058823529,0.980598619
E05000125,Plaistow and Sundridge,Bromley,,,152,,,297956,39928,9.1,1.8,41.6,3.9,65,0.65905958,0.34094042,,22144.73297,,0.058823529,0.969831983
E05000126,Shortlands,Bromley,,,99,,,395436,24557.7,11.4,1.4,9,3.2,42,0.793119924,0.206880076,,26650.20753,,0.058823529,0.986559167
E05000127,West Wickham,Bromley,,,150,,,353919,44129.8,8.7,1.9,31.5,4.1,57,0.871893595,0.128106405,,22942.52005,,0.058823529,0.979438568
E05000128,Belsize,Camden,,,127,,,824547,7804.4,20.4,6,6.5,4.4,61,0.417060838,0.582939162,,42051.17231,,0.058823529,0.967488081
E05000129,Bloomsbury,Camden,,,108,,,464047,10210.6,10.3,35,8.9,10,48,0.268312928,0.731687072,,30484.94267,,0.235294118,0.782634048
E05000130,Camden Town with Primrose Hill,Camden,,,126,,,967879,11659.1,11.9,13.2,12.8,10.8,59,0.345300593,0.654699407,,35191.67789,,0.117647059,0.788919907
E05000131,Cantelowes,Camden,,,119,,,580003,7576.5,17.8,9.3,9.3,8.8,51,0.307616804,0.692383196,,26098.39455,,0,0.946802705
E05000132,Fortune Green,Camden,,,117,,,550028,10051,18,4.3,18.1,5.6,53,0.401953418,0.598046582,,34011.28873,,0,0.96097414
E05000133,Frognal and Fitzjohns,Camden,,,120,,,1288580,15325.3,17.6,4.5,7.5,4.5,49,0.494736842,0.505263158,,42974.02688,,0.058823529,0.96680591
E05000134,Gospel Oak,Camden,,,113,,,531382,6907,18.1,8.7,11.2,11.9,49,0.313517915,0.686482085,,26971.70116,,0,0.961313745
E05000135,Hampstead Town,Camden,,,113,,,1361501,24500.1,8.6,4,51.5,3.8,52,0.507692308,0.492307692,,50425.6363,,0.058823529,0.943933181
E05000136,Haverstock,Camden,,,124,,,553902,7318,13.5,11.4,13.1,13.1,53,0.276931861,0.723068139,,23571.08863,,0.058823529,0.941471172
E05000137,Highgate,Camden,,,110,,,859390,32422.6,6,2.7,57.1,5.1,48,0.473684211,0.526315789,,33406.70683,,0,0.954324352
E05000138,Holborn and Covent Garden,Camden,,,130,,,629659,12009.5,10.1,37.1,8.6,9.1,61,0.229636899,0.770363101,,30710.65478,,0.058823529,0.770410917
E05000139,Kentish Town,Camden,,,134,,,491879,10277.5,15.4,16.8,6.8,16.7,58,0.356119455,0.643880545,,27490.93594,,0.117647059,0.937388713
E05000140,Kilburn,Camden,,,120,,,470402,6856,15.2,13.1,18,12.5,58,0.23827718,0.76172282,,26078.98605,,0,0.933994377
E05000141,King's Cross,Camden,,,118,,,392388,6098.1,13.2,22.1,15.2,11.1,46,0.178276012,0.821723988,,20707.47045,,0,0.9177176
E05000142,Regent's Park,Camden,,,135,,,759715,13496.9,10.2,16.4,27.4,10.1,56,0.209746519,0.790253481,,22770.32688,,0.176470588,0.91620984
E05000143,St Pancras and Somers Town,Camden,,,138,,,353022,14002.5,6,21.8,24.8,18.4,56,0.16678597,0.83321403,,18847.32613,,0.117647059,0.943614401
E05000144,Swiss Cottage,Camden,,,129,,,875944,12571.5,15.6,5.4,21.9,4.9,59,0.411262799,0.588737201,,37715.25883,,0,0.957217998
E05000145,West Hampstead,Camden,,,121,,,557508,8874,18.4,8.7,9.2,8.5,59,0.328439741,0.671560259,,35703.54579,,0.235294118,0.954789516
E05000146,Addiscombe,Croydon,,,169,,,213215,15949.7,18.8,5.4,9.5,7.9,76,0.526942937,0.473057063,,21029.19283,,0,0.965854155
E05000147,Ashburton,Croydon,,,148,,,274814,27135.4,12,2.1,25.2,4,55,0.681127983,0.318872017,,17644.64141,,0,0.969153726
E05000148,Bensham Manor,Croydon,,,163,,,191902,14459.2,19.7,3.9,11.5,5.1,60,0.590557796,0.409442204,,14938.09582,,0,0.96254155
E05000149,Broad Green,Croydon,,,187,,,184729,26667.2,11,14.8,15.5,18.4,70,0.431355812,0.568644188,,14165.92597,,0,0.897790513
E05000150,Coulsdon East,Croydon,,,123,,,290579,77430.6,4.6,1,62.2,1.8,49,0.809242671,0.190757329,,20988.54378,,0,0.980081165
E05000151,Coulsdon West,Croydon,,,135,,,385671,49948.1,7.5,2.3,28.2,3.1,48,0.838097225,0.161902775,,20746.30573,,0.117647059,0.978620358
E05000152,Croham,Croydon,,,159,,,251986,35234.8,10.3,2.8,22.8,5.4,70,0.614802115,0.385197885,,23266.39632,,0.117647059,0.963292393
E05000153,Fairfield,Croydon,,,166,,,234944,37647.3,8.7,8.9,32.6,9.3,78,0.425545489,0.574454511,,23651.63862,,0.117647059,0.866744095
E05000154,Fieldway,Croydon,,,115,,,156256,14847.6,11.4,2.1,28.5,5.2,40,0.338349636,0.661650364,,11242.30863,,0,0.967624227
E05000155,Heathfield,Croydon,,,133,,,251457,87101.9,3.9,1.2,67.5,2.6,54,0.761380323,0.238619677,,19858.76762,,0,0.957812126
E05000156,Kenley,Croydon,,,150,,,316993,64600.1,6.3,0.8,40,6.3,59,0.757184152,0.242815848,,21534.47535,,0.117647059,0.980350388
E05000157,New Addington,Croydon,,,108,,,204319,24284,7.9,3.7,36.3,5.4,40,0.493140434,0.506859566,,12811.59952,,0,0.956708446
E05000158,Norbury,Croydon,,,165,,,273479,25195.9,13.8,2.9,22,4.3,61,0.612881916,0.387118084,,16582.58646,,0.058823529,0.96420134
E05000159,Purley,Croydon,,,147,,,389034,41728.9,9.7,2.5,10.6,4.7,57,0.731214888,0.268785112,,21685.44079,,0.117647059,0.958831395
E05000160,Sanderstead,Croydon,,,128,,,338371,63456.4,5.7,0.8,51.3,1.7,49,0.852947217,0.147052783,,22333.83249,,0.058823529,0.980460025
E05000161,Selhurst,Croydon,,,182,,,173564,22771.8,12.7,8.4,20.3,10.4,75,0.419860627,0.580139373,,15902.03227,,0.058823529,0.935524772
E05000162,Selsdon and Ballards,Croydon,,,118,,,307543,64058.8,5.3,0.9,55.6,2.2,45,0.909863565,0.090136435,,21295.24514,,0,0.979494155
E05000163,Shirley,Croydon,,,144,,,280958,27999.7,11.7,2,21.2,4.3,56,0.739706409,0.260293591,,18731.46161,,0,0.980169536
E05000164,South Norwood,Croydon,,,166,,,233956,23809.2,12.1,4.1,24.3,7.5,77,0.490160539,0.509839461,,19589.08219,,0.058823529,0.95208628
E05000165,Thornton Heath,Croydon,,,166,,,189890,16808.7,18.2,3.7,14.2,3.9,66,0.549231472,0.450768528,,16313.52045,,0.058823529,0.954744758
E05000166,Upper Norwood,Croydon,,,161,,,245489,26204.4,11.7,2.9,25.8,4.3,65,0.565645683,0.434354317,,18321.93261,,0,0.959891142
E05000167,Waddon,Croydon,,,171,,,209715,36435.3,8.7,7.9,31.3,11.5,71,0.503940332,0.496059668,,17668.33324,,0.058823529,0.958236922
E05000168,West Thornton,Croydon,,,176,,,187363,19744.3,14.9,7.4,20.5,8.5,61,0.556319581,0.443680419,,13748.53936,,0,0.942135944
E05000169,Woodside,Croydon,,,168,,,188277,21671.7,13.9,2.4,32.1,4.6,69,0.551276504,0.448723496,,17130.74753,,0,0.960839104
E05000170,Acton Central,Ealing,,,155,,,382214,17750.8,14.5,3.2,17.2,5.2,63,0.414458985,0.585541015,,19093.79159,,0.058823529,0.950653947
E05000171,Cleveland,Ealing,,,146,,,393161,22317.7,11.2,3.1,34.8,6.7,57,0.553552678,0.446447322,,20967.98043,,0.117647059,0.97244869
E05000172,Dormers Wells,Ealing,,,140,,,216615,22586.9,7.6,2.4,42,6.2,43,0.50255814,0.49744186,,11536.8004,,0,0.959092754
E05000173,Ealing Broadway,Ealing,,,141,,,482967,18566.9,14.7,8.7,9.4,8.2,62,0.451326003,0.548673997,,26688.20855,,0.058823529,0.917034865
E05000174,Ealing Common,Ealing,,,141,,,451041,21399.3,13.3,3,19.1,5.7,59,0.476694554,0.523305446,,23770.04265,,0.058823529,0.954365566
E05000175,East Acton,Ealing,,,188,,,315332,42718.1,6.8,18.4,20,16.9,71,0.423354565,0.576645435,,16038.62786,,0.176470588,0.927199502
E05000176,Elthorne,Ealing,,,146,,,298043,20001.4,11.9,6.7,33.7,10,60,0.506121774,0.493878226,,20852.8457,,0,0.949309759
E05000177,Greenford Broadway,Ealing,,,177,,,205459,25216,9.2,4.2,29.6,14.8,63,0.508830022,0.491169978,,13941.77441,,0,0.946810412
E05000178,Greenford Green,Ealing,,,144,,,260372,33814.2,7,11.9,25.3,12.9,50,0.639167,0.360833,,15706.08177,,0.058823529,0.959560915
E05000179,Hanger Hill,Ealing,,,156,,,429722,32738.3,9.9,5,27.5,7.5,61,0.556933116,0.443066884,,23184.64652,,0.117647059,0.964525027
E05000180,Hobbayne,Ealing,,,143,,,302408,22080.1,10.4,2.1,37.3,5.7,53,0.546056365,0.453943635,,17055.11304,,0,0.967856378
E05000181,Lady Margaret,Ealing,,,139,,,242223,15389.1,12.3,3.2,15.3,9.2,40,0.699293643,0.300706357,,11775.78827,,0,0.968655959
E05000182,Northfield,Ealing,,,136,,,408721,15345.9,16.8,4,19.2,6.1,53,0.666856925,0.333143075,,24817.35407,,0.117647059,0.975330063
E05000183,North Greenford,Ealing,,,148,,,253935,32481.4,7,1.2,51.1,3.4,49,0.679481908,0.320518092,,15295.0948,,0.058823529,0.966607485
E05000184,Northolt Mandeville,Ealing,,,152,,,226077,27517.2,8.8,4.5,37,7.5,56,0.550350027,0.449649973,,14773.69112,,0.058823529,0.954647859
E05000185,Northolt West End,Ealing,,,152,,,197137,35477,6.1,1.4,59.3,4.3,56,0.447705443,0.552294557,,13312.7426,,0,0.944654522
E05000186,Norwood Green,Ealing,,,141,,,252715,37939.2,5.8,7.1,44.6,11.5,42,0.459971237,0.540028763,,11114.15743,,0,0.939924289
E05000187,Perivale,Ealing,,,154,,,264049,33653.4,7,7.5,38.5,8.4,53,0.631677953,0.368322047,,15860.99617,,0.117647059,0.956620257
E05000188,South Acton,Ealing,,,149,,,378174,17194.2,13.8,9.3,17.3,11.4,60,0.348694061,0.651305939,,17839.71653,,0.058823529,0.946177047
E05000189,Southall Broadway,Ealing,,,135,,,209834,16224.1,13.3,5.8,29.7,7.3,36,0.563762102,0.436237898,,10113.57175,,0,0.922347403
E05000190,Southall Green,Ealing,,,146,,,208491,15854.2,12.6,12.7,11.8,14.5,41,0.528417442,0.471582558,,10066.23359,,0,0.949691933
E05000191,Southfield,Ealing,,,135,,,623393,14349.1,19.8,7.7,9.8,7.7,59,0.576022899,0.423977101,,29880.96695,,0.117647059,0.963402863
E05000192,Walpole,Ealing,,,134,,,427908,14662.5,17.8,4.8,18.1,6.8,55,0.577000182,0.422999818,,25042.44508,,0,0.948249117
E05000193,Bowes,Enfield,,,141,,,269330,14850.6,16.6,2.8,16.1,4.7,55,0.559651353,0.440348647,,17630.52833,,0,0.971543643
E05000194,Bush Hill Park,Enfield,,,140,,,309266,25260.9,12.2,2.2,27,4.9,55,0.788250366,0.211749634,,20738.58695,,0,0.971666473
E05000195,Chase,Enfield,,,138,,,283020,169444.2,1.7,0.8,84.5,2.7,56,0.615425532,0.384574468,,18444.76067,,0.058823529,0.973007716
E05000196,Cockfosters,Enfield,,,139,,,530118,104071.8,3.9,0.8,68.2,1.5,52,0.690699904,0.309300096,,20927.67321,,0.176470588,0.971359612
E05000197,Edmonton Green,Enfield,,,180,,,169750,31291.2,7.9,7.7,35.7,12.3,69,0.319756486,0.680243514,,12488.37372,,0.058823529,0.941687345
E05000198,Enfield Highway,Enfield,,,161,,,205941,46388.1,6,9,25.6,13.5,59,0.53474475,0.46525525,,13370.27385,,0.058823529,0.956269392
E05000199,Enfield Lock,Enfield,,,166,,,190032,32511.3,8.2,4.9,41,9.1,63,0.516205534,0.483794466,,14441.83675,,0.058823529,0.96751149
E05000200,Grange,Enfield,,,128,,,389508,32862.7,10.4,2.7,27.4,4.6,53,0.774267225,0.225732775,,24310.7201,,0.058823529,0.96453214
E05000201,Haselbury,Enfield,,,163,,,208270,17969.6,13.7,3.3,25.4,5.5,58,0.511611904,0.488388096,,13192.86955,,0,0.965221586
E05000202,Highlands,Enfield,,,131,,,313932,50877,6.3,1.8,57.2,3.6,55,0.74587937,0.25412063,,23564.09487,,0,0.978155217
E05000203,Jubilee,Enfield,,,144,,,212871,39175.4,5.5,3.3,29.3,4.9,53,0.581617372,0.418382628,,14156.6043,,0,0.971109576
E05000204,Lower Edmonton,Enfield,,,166,,,186677,21753.7,14.7,3.3,23,9.3,61,0.467302005,0.532697995,,12904.68252,,0,0.966723188
E05000205,Palmers Green,Enfield,,,152,,,293483,19408.2,14.2,4.7,16.6,5.6,58,0.635641513,0.364358487,,18055.97112,,0,0.961981208
E05000206,Ponders End,Enfield,,,157,,,197476,35451.3,7.1,7.8,18,9.9,57,0.473767606,0.526232394,,12929.85134,,0,0.955362014
E05000207,Southbury,Enfield,,,146,,,219116,28637.6,8.7,9.9,31.1,15.2,55,0.539938417,0.460061583,,15778.61601,,0,0.950491025
E05000208,Southgate,Enfield,,,145,,,303185,26911.1,10.5,4.2,24.9,7.4,59,0.631748181,0.368251819,,21501.43555,,0.058823529,0.971873871
E05000209,Southgate Green,Enfield,,,139,,,393126,26170.8,11.8,2.6,20.2,5.8,52,0.654249127,0.345750873,,20048.69578,,0.117647059,0.966451924
E05000210,Town,Enfield,,,150,,,282461,22332.6,14.1,3.7,18.6,5.3,60,0.754926312,0.245073688,,21782.21295,,0.058823529,0.971999809
E05000211,Turkey Street,Enfield,,,144,,,209566,22569.7,11.2,2.2,32.1,6,53,0.533408408,0.466591592,,13501.94227,,0.058823529,0.963597364
E05000212,Upper Edmonton,Enfield,,,175,,,200878,26508.5,10.2,9.7,28.4,11.2,62,0.443587271,0.556412729,,12662.78039,,0.058823529,0.939827669
E05000213,Winchmore Hill,Enfield,,,135,,,469902,27565.6,12.2,2.2,25,3.5,53,0.701813423,0.298186577,,23323.94032,,0.058823529,0.972458212
E05000214,Abbey Wood,Greenwich,,,158,,,173568,26528.2,9,2.9,41.2,6.9,60,0.449362844,0.550637156,,14821.40038,,0.058823529,0.96128798
E05000215,Blackheath Westcombe,Greenwich,,,129,,,450193,21375.6,12.1,3.6,20.6,6.5,61,0.511934156,0.488065844,,30656.56613,,0.117647059,0.961378506
E05000216,Charlton,Greenwich,,,144,,,294017,20338.7,11.1,3.3,34,7.5,57,0.420456526,0.579543474,,18892.52078,,0.058823529,0.970021359
E05000217,Coldharbour and New Eltham,Greenwich,,,131,,,264137,25487.5,11.8,1.4,18.1,3.6,52,0.657777778,0.342222222,,18842.9353,,0.058823529,0.970494322
E05000218,Eltham North,Greenwich,,,126,,,257397,25504,11.3,2.5,24.8,4.9,51,0.73380035,0.26619965,,22336.97016,,0.058823529,0.969484173
E05000219,Eltham South,Greenwich,,,126,,,243323,46265.7,5.6,3,52.2,7,51,0.613578054,0.386421946,,18932.95184,,0.058823529,0.953180034
E05000220,Eltham West,Greenwich,,,104,,,216228,24263.2,8.8,3.1,28.5,7,38,0.465146751,0.534853249,,15373.13177,,0.058823529,0.958012333
E05000221,Glyndon,Greenwich,,,182,,,183037,17038.9,14.5,4.4,20.7,13.6,67,0.326264274,0.673735726,,14614.81382,,0.058823529,0.968342051
E05000222,Greenwich West,Greenwich,,,166,,,410274,27970.7,7.5,7,39.4,13.3,71,0.34203103,0.65796897,,23316.96177,,0.176470588,0.9375716
E05000223,Kidbrooke with Hornfair,Greenwich,,,144,,,264328,23782.5,10.2,2.3,28.8,5.7,58,0.509362652,0.490637348,,18175.95318,,0,0.965570638
E05000224,Middle Park and Sutcliffe,Greenwich,,,136,,,325107,32844.8,8.1,2.4,36.2,5.2,55,0.508658009,0.491341991,,18146.35874,,0,0.96417431
E05000225,Peninsula,Greenwich,,,141,,,344154,44821.7,5.9,15,14.2,31.7,62,0.382187148,0.617812852,,23637.14184,,0.058823529,0.915062632
E05000226,Plumstead,Greenwich,,,168,,,183934,23513.7,11.2,2.8,37.6,6.8,59,0.482488949,0.517511051,,14273.13803,,0,0.956913957
E05000227,Shooters Hill,Greenwich,,,135,,,221913,37797.4,6.9,1.4,56.5,3.5,53,0.651071026,0.348928974,,19503.72803,,0,0.97456236
E05000228,Thamesmead Moorings,Greenwich,,,198,,,173424,48113.6,5.5,5.1,40.8,19,70,0.359350295,0.640649705,,14983.56357,,0,0.956909382
E05000229,Woolwich Common,Greenwich,,,176,,,181040,26204.3,8,7.5,44,12.3,64,0.241742686,0.758257314,,14127.94989,,0,0.951471653
E05000230,Woolwich Riverside,Greenwich,,,192,,,231439,31948.9,7.3,16.4,18.1,24.4,81,0.235019646,0.764980354,,17735.32253,,0.117647059,0.933925424
E05000231,Brownswood,Hackney,,,112,,,351567,8410.6,13.6,6.7,14.1,9.3,49,0.282671036,0.717328964,,22175.26811,,0.058823529,0.954279274
E05000232,Cazenove,Hackney,,,135,,,315761,6836.7,19.1,9.6,6.7,12.7,47,0.276537489,0.723462511,,16219.24848,,0.058823529,0.972242685
E05000233,Chatham,Hackney,,,133,,,248311,9094.3,15.4,14,14.8,15.5,56,0.232690935,0.767309065,,16612.36878,,0.058823529,0.93573564
E05000234,Clissold,Hackney,,,123,,,372785,7015.4,21,8.4,10.9,9.9,52,0.392746315,0.607253685,,23586.28906,,0,0.960869298
E05000235,Dalston,Hackney,,,148,,,333225,9267,16.9,13.1,12,10.5,64,0.254585017,0.745414983,,20127.79045,,0.058823529,0.912122392
E05000236,De Beauvoir,Hackney,,,137,,,556267,8885.3,14,12.8,11.1,14.3,61,0.289704181,0.710295819,,20691.14431,,0,0.952163007
E05000237,Hackney Central,Hackney,,,126,,,308119,7803.5,16,11.2,13.3,14.1,55,0.212071481,0.787928519,,18551.55401,,0,0.935305516
E05000238,Hackney Downs,Hackney,,,130,,,311771,10184,14.1,5.7,26.3,10.3,54,0.26669119,0.73330881,,18318.59946,,0.058823529,0.960122358
E05000239,Haggerston,Hackney,,,140,,,336596,12425,8.5,22.9,21.2,17.1,63,0.180306905,0.819693095,,19415.40626,,0.058823529,0.817317332
E05000240,Hoxton,Hackney,,,152,,,383267,8391.6,8.4,17.9,23.6,18.2,68,0.197902821,0.802097179,,18612.01392,,0,0.948741068
E05000241,King's Park,Hackney,,,112,,,318853,18140.6,6,3.1,58.3,9.3,42,0.248460445,0.751539555,,14564.14993,,0,0.967608799
E05000242,Leabridge,Hackney,,,141,,,262015,10638,16.1,8.3,21.7,9.1,55,0.321260413,0.678739587,,16827.52036,,0.058823529,0.960067565
E05000243,Lordship,Hackney,,,123,,,286969,11913.8,12.1,5.2,31.8,9.7,46,0.304527645,0.695472355,,17979.90604,,0,0.968451534
E05000244,New River,Hackney,,,126,,,416476,9834.5,12.7,7.4,19.5,8.5,45,0.218454085,0.781545915,,15934.67412,,0.058823529,0.961714714
E05000245,Queensbridge,Hackney,,,137,,,348924,10798.5,14.3,8.5,15.6,10.6,59,0.239932318,0.760067682,,18919.86026,,0.058823529,0.932095167
E05000246,Springfield,Hackney,,,124,,,254653,9521.5,12,7.7,29.7,12.1,43,0.23463044,0.76536956,,14161.78494,,0,0.96866505
E05000247,Stoke Newington Central,Hackney,,,125,,,414194,7117.7,23.1,9.4,6.7,6.9,53,0.34038934,0.65961066,,21880.22038,,0,0.947448916
E05000248,Victoria,Hackney,,,133,,,392006,8039.8,17.2,8.4,12,8.3,56,0.258419,0.741581,,18993.49395,,0,0.945422968
E05000249,Wick,Hackney,,,118,,,314296,16324.1,8.4,10,33.6,13.4,48,0.239275302,0.760724698,,16184.44784,,0.058823529,0.950521647
E05000250,Addison,Hammersmith and Fulham,,,115,,,603408,5533.5,25.5,10.7,2.4,6.4,56,0.362368092,0.637631908,,30617.06728,,0,0.938380171
E05000251,Askew,Hammersmith and Fulham,,,142,,,444654,7592.3,22.5,9.3,7.5,7.9,62,0.346166185,0.653833815,,24312.64797,,0,0.962897273
E05000252,Avonmore and Brook Green,Hammersmith and Fulham,,,122,,,591122,8946.2,14.1,18.1,13.1,10.9,57,0.349012065,0.650987935,,30427.03083,,0,0.957465853
E05000253,College Park and Old Oak,Hammersmith and Fulham,,,92,,,280439,34403.1,4.7,9.8,48,10.8,37,0.246053348,0.753946652,,17528.41911,,0.117647059,0.928763273
E05000254,Fulham Broadway,Hammersmith and Fulham,,,110,,,617929,6674.1,20.9,13.1,7.5,15.2,50,0.295016077,0.704983923,,28249.94368,,0,0.940836223
E05000255,Fulham Reach,Hammersmith and Fulham,,,113,,,498645,8820.3,18.8,9.5,18.4,9.2,49,0.353369763,0.646630237,,26391.46614,,0.058823529,0.950086615
E05000256,Hammersmith Broadway,Hammersmith and Fulham,,,119,,,640219,11044.7,14.6,17.2,7.4,14.4,52,0.286891529,0.713108471,,25097.63425,,0.117647059,0.875787727
E05000257,Munster,Hammersmith and Fulham,,,110,,,642757,6233.9,30.5,4.6,10.3,4,48,0.453719008,0.546280992,,33041.47315,,0,0.961864034
E05000258,North End,Hammersmith and Fulham,,,116,,,429917,6382.7,18.9,13.4,10.1,15.1,55,0.288031723,0.711968277,,27238.19876,,0.058823529,0.94914383
E05000259,Palace Riverside,Hammersmith and Fulham,,,75,,,976148,14811.6,6.8,3.9,19.1,9.7,32,0.578038248,0.421961752,,35429.01119,,0.058823529,0.955023847
E05000260,Parsons Green and Walham,Hammersmith and Fulham,,,108,,,1148592,8976.9,21.8,10.6,11.6,7.2,47,0.484536082,0.515463918,,37335.96163,,0.058823529,0.934198423
E05000261,Ravenscourt Park,Hammersmith and Fulham,,,108,,,692141,12196.3,17.3,7.2,12.8,10.3,48,0.44469807,0.55530193,,29897.65625,,0.058823529,0.936593769
E05000262,Sands End,Hammersmith and Fulham,,,128,,,608828,13774.4,10,9.9,14.3,17.6,56,0.37628866,0.62371134,,29060.2301,,0.058823529,0.959181307
E05000263,Shepherd's Bush Green,Hammersmith and Fulham,,,122,,,457664,10674.9,16.8,11.2,9.8,17.7,56,0.259005764,0.740994236,,23802.30548,,0.235294118,0.835892202
E05000264,Town,Hammersmith and Fulham,,,112,,,734693,6503.2,24.7,12.8,6.5,7.7,49,0.378016629,0.621983371,,31722.76323,,0.058823529,0.941077496
E05000265,Wormholt and White City,Hammersmith and Fulham,,,134,,,387894,9042.3,15.2,5.4,13.9,12.2,50,0.273342624,0.726657376,,16758.00343,,0,0.959533576
E05000266,Alexandra,Haringey,,,119,,,543648,26129,9.9,2.4,45.7,6.3,46,0.661234246,0.338765754,,26891.27084,,0.058823529,0.951843369
E05000267,Bounds Green,Haringey,,,138,,,291873,13839.1,14.6,6.3,16.4,6.7,58,0.375603865,0.624396135,,18726.31083,,0.117647059,0.957317231
E05000268,Bruce Grove,Haringey,,,146,,,220909,9314.6,25.4,5.5,5.5,3.5,55,0.375708798,0.624291202,,15574.12201,,0.058823529,0.949240033
E05000269,Crouch End,Haringey,,,125,,,587029,14400,14.7,5.9,18.9,7.2,58,0.516339869,0.483660131,,33060.3574,,0,0.960927502
E05000270,Fortis Green,Haringey,,,126,,,629058,19941.2,12.6,3.8,25,5,51,0.546269238,0.453730762,,27646.75846,,0,0.965038158
E05000271,Harringay,Haringey,,,133,,,343593,15617.3,14.8,3.4,29.6,4.5,55,0.389508317,0.610491683,,21305.92643,,0,0.95118197
E05000272,Highgate,Haringey,,,117,,,706286,24987.5,9.8,3,39.3,4.3,53,0.497621313,0.502378687,,33538.70067,,0.058823529,0.963033895
E05000273,Hornsey,Haringey,,,127,,,361804,10553.6,18.1,8.6,12,13.3,57,0.415829367,0.584170633,,23578.51962,,0.058823529,0.967767667
E05000274,Muswell Hill,Haringey,,,109,,,611114,16519.4,13.9,3.4,28.3,6.6,45,0.589269813,0.410730187,,30607.4947,,0,0.960077559
E05000275,Noel Park,Haringey,,,140,,,267115,12295.8,18.4,9.6,7.7,8.1,55,0.309136873,0.690863127,,15619.01064,,0,0.884914283
E05000276,Northumberland Park,Haringey,,,145,,,185877,18830.3,12.3,14.8,24.6,9.7,56,0.238975818,0.761024182,,13129.34095,,0.058823529,0.938814084
E05000277,St Ann's,Haringey,,,147,,,256967,10974,20.2,7,17.2,8.9,54,0.392686512,0.607313488,,15534.84441,,0,0.958173528
E05000278,Seven Sisters,Haringey,,,161,,,272989,12921.8,15.9,8.4,19.4,10.1,56,0.337713771,0.662286229,,15385.95281,,0,0.956408216
E05000279,Stroud Green,Haringey,,,118,,,429191,10948.1,18.3,3.2,18.2,3.5,52,0.44132898,0.55867102,,27397.42372,,0.058823529,0.966512913
E05000280,Tottenham Green,Haringey,,,147,,,204486,13611.7,17,11.6,11.5,14.1,59,0.292320675,0.707679325,,15342.03191,,0.058823529,0.92742158
E05000281,Tottenham Hale,Haringey,,,151,,,198765,19114.3,11.7,9.5,27.9,9.2,54,0.325780089,0.674219911,,12766.90006,,0.117647059,0.931034177
E05000282,West Green,Haringey,,,134,,,291522,13981.7,14.4,4.7,33.1,6.3,52,0.343713956,0.656286044,,15824.30261,,0.058823529,0.954461077
E05000283,White Hart Lane,Haringey,,,135,,,211464,16972.7,11.7,4.3,29.3,6.1,48,0.31120332,0.68879668,,12460.25916,,0,0.956289772
E05000284,Woodside,Haringey,,,146,,,270775,14918.6,14.9,4.8,28.2,7,56,0.389378938,0.610621062,,15762.8091,,0.058823529,0.955898897
E05000285,Belmont,Harrow,,,114,,,425107,17787.5,12.8,1.5,15.5,3.2,37,0.819224468,0.180775532,,17316.1983,,0,0.975171455
E05000286,Canons,Harrow,,,126,,,346994,56314.5,5.1,2.5,59.2,5.6,48,0.67600083,0.32399917,,19939.09821,,0.117647059,0.975223573
E05000287,Edgware,Harrow,,,117,,,245299,14010.3,13.7,3.1,16.4,4.2,37,0.639300135,0.360699865,,13359.01584,,0,0.968437787
E05000288,Greenhill,Harrow,,,125,,,253240,17467.8,11.7,11.2,13.1,11.4,50,0.445918778,0.554081222,,18946.44994,,0.058823529,0.928822702
E05000289,Harrow on the Hill,Harrow,,,124,,,354143,35750.4,6.4,3.2,53,5.7,46,0.53968254,0.46031746,,19022.46267,,0.176470588,0.968086386
E05000290,Harrow Weald,Harrow,,,115,,,325835,45887.5,5.3,1.2,59.3,2.9,42,0.693269231,0.306730769,,16992.82103,,0,0.96823597
E05000291,Hatch End,Harrow,,,108,,,438599,32811.2,8.8,1.9,30.5,3,40,0.753507014,0.246492986,,20231.15649,,0.058823529,0.974472357
E05000292,Headstone North,Harrow,,,102,,,376248,32951,6.9,1.3,47.6,4.9,36,0.816806723,0.183193277,,20120.68396,,0.117647059,0.980009858
E05000293,Headstone South,Harrow,,,112,,,284266,14621.7,13.9,2.7,12.2,5,40,0.66749503,0.33250497,,17969.8415,,0,0.981114001
E05000294,Kenton East,Harrow,,,112,,,290171,12810,12.5,2.3,8.9,5.9,35,0.621940685,0.378059315,,12614.41554,,0,0.978215431
E05000295,Kenton West,Harrow,,,113,,,342013,17652,12,2.5,17.8,5.4,34,0.799411765,0.200588235,,14590.84851,,0,0.972315431
E05000296,Marlborough,Harrow,,,124,,,238965,16456.9,12.4,9.6,13.2,12.9,43,0.571727019,0.428272981,,15110.67518,,0.058823529,0.963773736
E05000297,Pinner,Harrow,,,101,,,508328,32695.4,8.7,1.9,33,3.1,41,0.69273743,0.30726257,,22882.60784,,0.058823529,0.971071692
E05000298,Pinner South,Harrow,,,105,,,440001,23534.3,10.7,1.3,22.1,2.9,39,0.817718941,0.182281059,,24140.87913,,0,0.981207601
E05000299,Queensbury,Harrow,,,121,,,285949,16128.5,12.2,2.4,22,4.2,36,0.689133425,0.310866575,,13197.10385,,0,0.971206731
E05000300,Rayners Lane,Harrow,,,112,,,315359,15296.4,13,2.9,12.3,5.1,37,0.749727372,0.250272628,,16794.52309,,0.058823529,0.978396591
E05000301,Roxbourne,Harrow,,,129,,,243272,15056.3,12.1,4.3,22,9,45,0.495567376,0.504432624,,14058.38383,,0,0.972002954
E05000302,Roxeth,Harrow,,,118,,,267228,15756,12.2,2.1,21.4,4.1,38,0.667106304,0.332893696,,14280.26184,,0,0.969003797
E05000303,Stanmore Park,Harrow,,,113,,,475385,44560.6,7.1,1.6,48.5,4.7,44,0.664216812,0.335783188,,19594.36887,,0,0.969699677
E05000304,Wealdstone,Harrow,,,115,,,229610,11930.2,14.6,5.2,7.1,6.2,39,0.568006182,0.431993818,,13777.76038,,0,0.963141321
E05000305,West Harrow,Harrow,,,105,,,293237,15211.7,12.9,1.6,20.6,4.2,37,0.671191963,0.328808037,,18123.37732,,0.058823529,0.976749026
E05000306,Brooklands,Havering,,,150,,,199106,42014.1,7.1,4.6,46.9,7.8,61,0.645785503,0.354214497,,17317.35781,,0,0.961956262
E05000307,Cranham,Havering,,,126,,,301237,65562.1,5.4,1.1,58.9,2.3,52,0.881614523,0.118385477,,21224.97615,,0.058823529,0.98274138
E05000308,Elm Park,Havering,,,125,,,204121,36672.9,7.6,1,51,3.4,51,0.75736298,0.24263702,,17099.17332,,0.058823529,0.974759248
E05000309,Emerson Park,Havering,,,120,,,442127,46389.1,9.1,1,32.5,2.2,46,0.894346213,0.105653787,,20627.73018,,0,0.976412882
E05000310,Gooshays,Havering,,,148,,,181411,77612.7,3.9,1,68.8,2.5,60,0.493217217,0.506782783,,14341.03224,,0,0.957150284
E05000311,Hacton,Havering,,,123,,,242680,24607.2,12.9,1.9,21,3.6,50,0.869661563,0.130338437,,19451.92395,,0.058823529,0.982885473
E05000312,Harold Wood,Havering,,,127,,,218950,75955.1,4.2,3,61.5,5.2,55,0.718812602,0.281187398,,19422.93405,,0,0.963454047
E05000313,Havering Park,Havering,,,131,,,233725,97881.2,3,0.7,78.1,1.7,51,0.706906672,0.293093328,,15767.57084,,0,0.97360746
E05000314,Heaton,Havering,,,126,,,181136,34146.4,7.2,2.6,52.1,5.3,53,0.539347047,0.460652953,,14942.43228,,0,0.964653543
E05000315,Hylands,Havering,,,130,,,270121,29019.3,10.4,2.6,26.3,5.4,50,0.848897796,0.151102204,,18591.15905,,0,0.968823644
E05000316,Mawneys,Havering,,,130,,,207032,30489.1,11.3,3.5,21.3,5.4,53,0.781735506,0.218264494,,17551.06565,,0,0.969839198
E05000317,Pettits,Havering,,,130,,,307400,39532.6,9.7,1.2,31.2,2.7,51,0.876201687,0.123798313,,19262.15466,,0,0.971320874
E05000318,Rainham and Wennington,Havering,,,125,,,208632,169001,2,1.3,79,3.5,50,0.772972973,0.227027027,,16552.24952,,0.058823529,0.958689573
E05000319,Romford Town,Havering,,,160,,,200326,28664.9,11.8,10.3,10,11.3,72,0.627573734,0.372426266,,20406.20392,,0.058823529,0.888182417
E05000320,St Andrew's,Havering,,,134,,,247535,26869.5,11.1,3.8,16,7.4,57,0.750745483,0.249254517,,19740.92056,,0.058823529,0.960290665
E05000321,South Hornchurch,Havering,,,136,,,194187,68469.6,5.3,3.9,44.6,16.2,54,0.704303053,0.295696947,,16084.49787,,0,0.958002697
E05000322,Squirrel's Heath,Havering,,,133,,,287088,26460,12.2,2.6,14.9,6.3,56,0.759421325,0.240578675,,21449.73287,,0,0.976073121
E05000323,Upminster,Havering,,,129,,,380986,225342.1,1.8,0.6,82.3,1.9,51,0.895150206,0.104849794,,23465.16222,,0,0.974815144
E05000324,Barnhill,Hillingdon,,,136,,,217158,21191.9,10.3,2.8,26.4,5.8,43,0.590369853,0.409630147,,12342.09956,,0,0.949799111
E05000325,Botwell,Hillingdon,,,152,,,223537,43722.4,5.7,9.6,34.3,15.6,50,0.536924939,0.463075061,,12254.70914,,0,0.949644535
E05000326,Brunel,Hillingdon,,,139,,,250059,32773.7,8.4,4.5,35.9,9.6,45,0.561586176,0.438413824,,13667.5,,0,0.948180232
E05000327,Cavendish,Hillingdon,,,117,,,303132,20127.6,12.6,2.3,18.1,5.5,44,0.825940104,0.174059896,,20482.50319,,0,0.978019173
E05000328,Charville,Hillingdon,,,127,,,222783,29733.4,7.2,1.8,49.8,3.5,43,0.733640553,0.266359447,,14851.98411,,0,0.966050207
E05000329,Eastcote and East Ruislip,Hillingdon,,,122,,,394320,40582.4,8.3,1.9,36.2,3.4,47,0.840126716,0.159873284,,23163.02748,,0.058823529,0.973930684
E05000330,Harefield,Hillingdon,,,75,,,266541,152243.6,1.3,0.7,76.7,2.2,30,0.646609043,0.353390957,,19032.95537,,0,0.96513934
E05000331,Heathrow Villages,Hillingdon,,,123,,,244283,235250.1,1.3,4.9,52,29,45,0.50247191,0.49752809,,14986.19469,,0.588235294,0.843742304
E05000332,Hillingdon East,Hillingdon,,,130,,,253641,35943.4,6.3,1.7,53.2,3.9,45,0.697976243,0.302023757,,15878.13187,,0,0.963595069
E05000333,Ickenham,Hillingdon,,,105,,,430213,62066.1,5.2,0.6,52.7,1.4,39,0.862261753,0.137738247,,23311.29973,,0.058823529,0.978156705
E05000334,Manor,Hillingdon,,,115,,,279204,19737.8,12.4,2.7,20.1,4.1,45,0.817980022,0.182019978,,21045.53571,,0.117647059,0.971329357
E05000335,Northwood,Hillingdon,,,105,,,498122,74063,4.5,1.6,62.5,2.9,46,0.646352119,0.353647881,,26496.96567,,0.117647059,0.968555318
E05000336,Northwood Hills,Hillingdon,,,117,,,367489,33276.4,9,1.8,36.1,3,47,0.673150919,0.326849081,,21649.73953,,0.058823529,0.970261661
E05000337,Pinkwell,Hillingdon,,,149,,,222404,27443.7,8.1,4.9,34.5,7.5,46,0.588336561,0.411663439,,12012.65543,,0,0.955218549
E05000338,South Ruislip,Hillingdon,,,125,,,253698,74106.7,3.5,4,57.1,12.8,47,0.701912744,0.298087256,,18369.4211,,0.117647059,0.959501498
E05000339,Townfield,Hillingdon,,,142,,,221247,34981.5,6.3,8.2,33.6,12.1,47,0.471232289,0.528767711,,12067.26301,,0,0.933200197
E05000340,Uxbridge North,Hillingdon,,,121,,,317281,46332.7,7.6,3,40.9,4.4,48,0.678578936,0.321421064,,21160.35911,,0.117647059,0.942399894
E05000341,Uxbridge South,Hillingdon,,,141,,,212213,31171,7.9,10.1,27.5,12.1,49,0.513447433,0.486552567,,14814.80855,,0,0.937144343
E05000342,West Drayton,Hillingdon,,,145,,,221259,34898.3,7.7,3,33.3,7.3,54,0.541674401,0.458325599,,15016.01407,,0.058823529,0.961104995
E05000343,West Ruislip,Hillingdon,,,107,,,348347,43896.9,6.3,2.1,52.1,4.7,46,0.693030369,0.306969631,,23528.0501,,0.176470588,0.964587324
E05000344,Yeading,Hillingdon,,,137,,,202842,23321.3,8.6,2,36.4,6.6,47,0.569625668,0.430374332,,13907.16786,,0,0.952247908
E05000345,Yiewsley,Hillingdon,,,131,,,215527,40129.3,5.4,4.9,41.3,10.3,50,0.501509966,0.498490034,,15183.9835,,0,0.942122987
E05000346,Bedfont,Hounslow,,,128,,,210873,44465.5,5.2,3.5,52.6,8.2,49,0.555464087,0.444535913,,15486.04087,,0,0.955441582
E05000347,Brentford,Hounslow,,,144,,,285377,31870.3,6.1,6.5,43.6,13.1,60,0.426771918,0.573228082,,18408.20186,,0.117647059,0.955157705
E05000348,Chiswick Homefields,Hounslow,,,114,,,797216,22556.8,11,4.5,33.8,6.9,49,0.543133622,0.456866378,,29852.65405,,0.117647059,0.945581881
E05000349,Chiswick Riverside,Hounslow,,,116,,,643438,20805,11.1,1.9,25.1,5.7,51,0.560994713,0.439005287,,29128.22222,,0.058823529,0.962962016
E05000350,Cranford,Hounslow,,,124,,,242660,27226.3,7.4,8.6,32.4,10.6,39,0.444783715,0.555216285,,12297.30794,,0,0.949110724
E05000351,Feltham North,Hounslow,,,116,,,220734,33842.9,6.5,7.4,36.6,10.5,42,0.601658768,0.398341232,,14987.11287,,0,0.950586869
E05000352,Feltham West,Hounslow,,,156,,,195972,31820.2,6.5,3.8,48.7,8,58,0.51298813,0.48701187,,15755.43937,,0,0.955908283
E05000353,Hanworth,Hounslow,,,122,,,199238,32511.9,6,4,42.2,10,47,0.487207052,0.512792948,,14796.91785,,0,0.958713189
E05000354,Hanworth Park,Hounslow,,,115,,,216540,36412.3,5.9,5.6,47.8,9.7,45,0.633890747,0.366109253,,16860.83682,,0.058823529,0.949939535
E05000355,Heston Central,Hounslow,,,123,,,241967,16846.6,10.6,2.8,18.5,6.8,39,0.564425051,0.435574949,,13230.49316,,0.058823529,0.961720093
E05000356,Heston East,Hounslow,,,124,,,247432,20041.9,9.2,3.3,31.8,6.2,40,0.573676324,0.426323676,,13821.45973,,0,0.960118251
E05000357,Heston West,Hounslow,,,125,,,203461,38297.5,4.8,5.8,51.2,9.5,40,0.472609562,0.527390438,,11902.25156,,0,0.936155783
E05000358,Hounslow Central,Hounslow,,,153,,,227107,17361.6,11.4,10.2,17.8,12.4,54,0.433878158,0.566121842,,16069.34845,,0.117647059,0.901344063
E05000359,Hounslow Heath,Hounslow,,,148,,,227399,27867.1,7.1,3.5,52.6,6.8,49,0.468362157,0.531637843,,13674.69539,,0,0.956815216
E05000360,Hounslow South,Hounslow,,,115,,,285562,17934.3,12.1,2.3,21.7,7.9,39,0.74974645,0.25025355,,17428.82261,,0.058823529,0.972710401
E05000361,Hounslow West,Hounslow,,,127,,,224901,16205.7,11.6,8,12.9,13.5,39,0.49531052,0.50468948,,12476.77282,,0,0.939848955
E05000362,Isleworth,Hounslow,,,120,,,276069,20306.3,8.7,7.8,23.8,17.1,49,0.455548743,0.544451257,,17804.79907,,0,0.959335471
E05000363,Osterley and Spring Grove,Hounslow,,,131,,,348546,63373.6,4.4,4.3,56.9,6.1,48,0.636155129,0.363844871,,19818.96589,,0.058823529,0.956128697
E05000364,Syon,Hounslow,,,136,,,262203,28521.5,6.4,6.7,34.2,10.8,58,0.475993092,0.524006908,,20159.36194,,0.176470588,0.955578341
E05000365,Turnham Green,Hounslow,,,115,,,638053,17658.7,14.6,9.6,16.9,10,54,0.497336028,0.502663972,,29999.45737,,0.058823529,0.94076204
E05000366,Barnsbury,Islington,,,122,,,589731,8295.5,15.7,12.2,14.9,12.1,55,0.329662394,0.670337606,,29566.20461,,0,0.924078835
E05000367,Bunhill,Islington,,,146,,,521184,10891,7.2,30.6,12,22,67,0.21948672,0.78051328,,26638.05031,,0.058823529,0.907617991
E05000368,Caledonian,Islington,,,139,,,403294,11382.2,15,15.7,14.9,16.1,61,0.244033998,0.755966002,,22175.42322,,0,0.932707287
E05000369,Canonbury,Islington,,,121,,,551006,8073,17.8,4.2,13.3,7.9,57,0.294127958,0.705872042,,26611.92089,,0,0.950364974
E05000370,Clerkenwell,Islington,,,115,,,555123,9345.9,11.8,24.3,11.7,13.5,53,0.296121097,0.703878903,,29390.79092,,0.058823529,0.901725856
E05000371,Finsbury Park,Islington,,,144,,,332389,9164.6,16.6,12.9,6.9,9.2,63,0.232442809,0.767557191,,20520.58542,,0.058823529,0.90753258
E05000372,Highbury East,Islington,,,117,,,651168,10039,15.9,8.4,16.1,9.4,52,0.416603053,0.583396947,,30354.66735,,0,0.951190809
E05000373,Highbury West,Islington,,,151,,,443584,10817.7,17.1,13.3,10.8,12.1,70,0.322007168,0.677992832,,29091.47969,,0.117647059,0.952611742
E05000374,Hillrise,Islington,,,118,,,499429,8248.5,15.8,8.5,17.9,10.9,51,0.335174591,0.664825409,,23176.06476,,0,0.963073931
E05000375,Holloway,Islington,,,150,,,356028,10094.6,13.5,10.2,15.5,15.5,66,0.257457065,0.742542935,,21921.94107,,0.117647059,0.955564914
E05000376,Junction,Islington,,,121,,,372316,10277.1,14.1,13.1,13.8,16.2,56,0.299096866,0.700903134,,25987.73658,,0.058823529,0.945739
E05000377,Mildmay,Islington,,,130,,,419112,8258.6,15.8,7.4,11,10.4,58,0.28542024,0.71457976,,24844.7106,,0,0.954210419
E05000378,St George's,Islington,,,124,,,475129,8455.5,17.1,6.7,8.9,14.7,54,0.345813353,0.654186647,,25008.88889,,0,0.954797494
E05000379,St Mary's,Islington,,,116,,,623822,8688.8,14.6,17.2,10.3,12.1,55,0.274488503,0.725511497,,32489.14668,,0.058823529,0.876248529
E05000380,St Peter's,Islington,,,119,,,650842,8097.6,17.6,12.9,8.8,12.9,56,0.339092873,0.660907127,,28990.38786,,0.058823529,0.92556055
E05000381,Tollington,Islington,,,134,,,370973,8469.1,20.7,7.7,10.7,10.1,61,0.300528402,0.699471598,,24075.77753,,0,0.95366101
E05000382,Abingdon,Kensington and Chelsea,,,100,,,1311610,6287,23.8,13.5,6.9,5.6,48,0.424248748,0.575751252,,60024.23991,,0,0.953404386
E05000383,Brompton,Kensington and Chelsea,,,88,,,1534178,9550,22.4,20.5,11.1,5.9,47,0.344035722,0.655964278,,89634.29088,,0.058823529,0.840158657
E05000384,Campden,Kensington and Chelsea,,,82,,,1796514,9117.8,16.6,11.1,24,9.6,39,0.48036716,0.51963284,,77545.07145,,0.058823529,0.925935299
E05000385,Colville,Kensington and Chelsea,,,84,,,1025471,3908,24.4,11.3,8,6.8,44,0.259098192,0.740901808,,47751.28778,,0.058823529,0.901769701
E05000386,Courtfield,Kensington and Chelsea,,,89,,,1306647,4820.9,30.5,10.8,11.1,2.3,46,0.392036753,0.607963247,,73911.79536,,0.058823529,0.943347602
E05000387,Cremorne,Kensington and Chelsea,,,80,,,465444,6122.5,15.5,14.5,8.9,17.2,40,0.332917706,0.667082294,,45557.11061,,0,0.9452553
E05000388,Earl's Court,Kensington and Chelsea,,,91,,,744985,4594,22.3,17,8.4,2.9,49,0.315565464,0.684434536,,49617.48982,,0.058823529,0.941091758
E05000389,Golborne,Kensington and Chelsea,,,89,,,425573,9493.2,9,8.7,32.4,14.9,41,0.137183236,0.862816764,,26880.54133,,0.058823529,0.925394377
E05000390,Hans Town,Kensington and Chelsea,,,88,,,1379547,5521.7,26.8,15.3,5.6,5.9,49,0.350364964,0.649635036,,88270.22179,,0,0.940173504
E05000391,Holland,Kensington and Chelsea,,,98,,,1915132,10388.3,17.6,4.4,22,5.8,45,0.463813578,0.536186422,,57044.82039,,0.117647059,0.952708707
E05000392,Norland,Kensington and Chelsea,,,87,,,807724,7266.2,19.2,6,12.2,6.7,41,0.359049005,0.640950995,,54509.98273,,0.058823529,0.951444755
E05000393,Notting Barns,Kensington and Chelsea,,,95,,,1446794,6229.5,16,10.4,9.8,12.7,42,0.260660082,0.739339918,,31174.65674,,0,0.95034291
E05000394,Pembridge,Kensington and Chelsea,,,77,,,1468951,4879.8,23.3,8.8,10.2,3.1,39,0.416877851,0.583122149,,65681.39498,,0,0.908429799
E05000395,Queen's Gate,Kensington and Chelsea,,,98,,,1235788,6048.1,29.4,16.2,5.6,4.3,49,0.420254203,0.579745797,,77161.91178,,0.058823529,0.948653893
E05000396,Redcliffe,Kensington and Chelsea,,,92,,,1071959,6936,21,6,23.6,6.3,47,0.468405428,0.531594572,,62649.07301,,0.058823529,0.958372431
E05000397,Royal Hospital,Kensington and Chelsea,,,73,,,1560572,9012.9,12.1,8,20.3,10.8,37,0.457681941,0.542318059,,72395.51605,,0.058823529,0.93367271
E05000398,St Charles,Kensington and Chelsea,,,93,,,798784,7092.6,13.5,9.2,16.5,11.9,42,0.237880228,0.762119772,,32128.00599,,0,0.957511008
E05000399,Stanley,Kensington and Chelsea,,,82,,,1480034,6625.3,19.7,16.8,8.2,9.1,40,0.456928839,0.543071161,,62401.01612,,0,0.932096984
E05000400,Alexandra,Kingston upon Thames,,,93,,,324600,26773.5,7.8,1.3,41.7,3.4,34,0.811147347,0.188852653,,19329.51364,,0,0.974500413
E05000401,Berrylands,Kingston upon Thames,,,95,,,321723,14520.1,13.6,2.9,10.6,6,43,0.548664344,0.451335656,,25059.27463,,0,0.98196445
E05000402,Beverley,Kingston upon Thames,,,101,,,335203,18803.3,11,5.3,26.8,5.4,39,0.649847095,0.350152905,,20448.54621,,0.058823529,0.961469002
E05000403,Canbury,Kingston upon Thames,,,124,,,403227,12414.8,17.3,7.2,10.4,9.9,51,0.560725552,0.439274448,,25050.38564,,0.058823529,0.976396519
E05000404,Chessington North and Hook,Kingston upon Thames,,,88,,,244292,19293.3,9.9,3.8,30.1,5.4,34,0.754890338,0.245109662,,18063.54511,,0,0.973854894
E05000405,Chessington South,Kingston upon Thames,,,103,,,259794,75516.6,2.9,1.3,74.8,4,40,0.780421314,0.219578686,,19133.7802,,0,0.974959178
E05000406,Coombe Hill,Kingston upon Thames,,,104,,,880815,44096.1,6.5,2.3,43.3,3.8,37,0.612588171,0.387411829,,21551.73225,,0,0.970496193
E05000407,Coombe Vale,Kingston upon Thames,,,98,,,409998,16474.2,13.8,1.8,10.8,3.5,36,0.728611111,0.271388889,,21321.26419,,0,0.981530903
E05000408,Grove,Kingston upon Thames,,,110,,,362980,19199.9,10,13.7,21,14.5,49,0.482779828,0.517220172,,24371.895,,0,0.829434344
E05000409,Norbiton,Kingston upon Thames,,,101,,,318035,13481.1,12.1,5.9,25.7,11.2,41,0.433333333,0.566666667,,17663.44256,,0,0.964567474
E05000410,Old Malden,Kingston upon Thames,,,95,,,341083,18052.4,13.3,1.5,20.9,3.3,36,0.776840922,0.223159078,,20252.14104,,0.117647059,0.982823286
E05000411,St James,Kingston upon Thames,,,90,,,369920,21667.7,10.1,1.6,27.4,4.4,33,0.756650544,0.243349456,,19883.74792,,0,0.979259117
E05000412,St Mark's,Kingston upon Thames,,,105,,,327827,13759.9,12,6.3,22.5,11.9,44,0.536054422,0.463945578,,25194.9785,,0.058823529,0.969662091
E05000413,Surbiton Hill,Kingston upon Thames,,,105,,,383420,16644.3,13.4,3.7,8,5.9,46,0.611123181,0.388876819,,24855.94741,,0.058823529,0.983961243
E05000414,Tolworth and Hook Rise,Kingston upon Thames,,,99,,,266368,25948.2,7.6,6.7,35.3,8.6,37,0.72079314,0.27920686,,18329.67434,,0.058823529,0.96853506
E05000415,Tudor,Kingston upon Thames,,,96,,,447671,15828.2,13.3,3.5,15.6,7,37,0.77271509,0.22728491,,25063.64034,,0,0.980027037
E05000416,Bishop's,Lambeth,,,97,,,452029,15341.7,6.5,22.9,12.6,17.1,46,0.224507659,0.775492341,,25440.16497,,0.176470588,0.842595667
E05000417,Brixton Hill,Lambeth,,,159,,,295184,11291.1,17.8,12.2,8.1,15.8,68,0.350029464,0.649970536,,21023.64372,,0,0.950263993
E05000418,Clapham Common,Lambeth,,,129,,,575073,13431.2,15.9,5.3,22.8,8.9,54,0.431578947,0.568421053,,27061.65997,,0,0.950802641
E05000419,Clapham Town,Lambeth,,,139,,,453757,11202.5,17.9,9.8,15.2,8.3,62,0.351552393,0.648447607,,25785.89404,,0.176470588,0.901396469
E05000420,Coldharbour,Lambeth,,,169,,,294569,12081.8,15,9.3,14,13.8,71,0.17859147,0.82140853,,17069.3297,,0.176470588,0.908755236
E05000421,Ferndale,Lambeth,,,151,,,338588,8526.8,22.8,9.6,7.4,11,66,0.275216796,0.724783204,,21695.51884,,0,0.915044049
E05000422,Gipsy Hill,Lambeth,,,138,,,281452,15697.9,14.4,4.3,24.2,7.7,60,0.382910861,0.617089139,,19904.7541,,0.058823529,0.94779938
E05000423,Herne Hill,Lambeth,,,152,,,390593,20317.9,12.2,6.4,31.4,8.7,65,0.381069453,0.618930547,,22762.97564,,0.058823529,0.940268401
E05000424,Knight's Hill,Lambeth,,,148,,,265375,14727.1,17.1,5.4,15.7,7,61,0.436891602,0.563108398,,19170.05456,,0.058823529,0.955032987
E05000425,Larkhall,Lambeth,,,173,,,340121,10587.2,16,10.1,16.9,12.8,72,0.272752652,0.727247348,,19388.01869,,0.117647059,0.9443198
E05000426,Oval,Lambeth,,,152,,,437253,12752.1,12.1,13.3,21.1,17.7,70,0.292731686,0.707268314,,23508.04372,,0.176470588,0.927283065
E05000427,Prince's,Lambeth,,,143,,,459999,11616.4,11.5,15.9,17.7,16.1,67,0.312518585,0.687481415,,23094.52922,,0,0.93821096
E05000428,St Leonard's,Lambeth,,,146,,,316785,14486.8,18.1,7.3,7.6,6.2,62,0.40416936,0.59583064,,22156.55533,,0.117647059,0.941631525
E05000429,Stockwell,Lambeth,,,149,,,364596,8685.3,16.2,9.3,13.2,12.4,64,0.263731134,0.736268866,,19068.3109,,0,0.950982927
E05000430,Streatham Hill,Lambeth,,,143,,,354556,12726.2,19,4.7,10.7,6.8,61,0.419180328,0.580819672,,21031.03088,,0.058823529,0.958391324
E05000431,Streatham South,Lambeth,,,144,,,266899,16983.9,15,2.5,23,4.2,54,0.548224299,0.451775701,,17494.32438,,0,0.964034577
E05000432,Streatham Wells,Lambeth,,,150,,,245919,14513.6,16.2,5.3,16.4,7.2,63,0.430712805,0.569287195,,20798.66089,,0,0.960912922
E05000433,Thornton,Lambeth,,,126,,,443638,10826.1,16.9,6.2,15.5,10,51,0.387173397,0.612826603,,21172.90622,,0,0.967672887
E05000434,Thurlow Park,Lambeth,,,137,,,366042,15146,17,3.7,18.4,5.6,59,0.429131844,0.570868156,,22743.70473,,0.058823529,0.951681675
E05000435,Tulse Hill,Lambeth,,,159,,,288969,10294,17.8,6.1,14.7,12.9,66,0.310782241,0.689217759,,18661.42136,,0,0.955099588
E05000436,Vassall,Lambeth,,,142,,,333422,11294.3,14.7,9.9,18.6,13.1,61,0.238173727,0.761826273,,18930.63824,,0,0.946738766
E05000437,Bellingham,Lewisham,,,149,,,199970,30847.7,8.3,2.6,45.4,6,61,0.413132471,0.586867529,,15357.74011,,0.058823529,0.949445807
E05000438,Blackheath,Lewisham,,,141,,,409858,23125.3,9.6,4.4,35.3,6.3,64,0.43437646,0.56562354,,25095.27638,,0.058823529,0.946361027
E05000439,Brockley,Lewisham,,,172,,,290877,16861.6,15.1,6.3,15,8.4,74,0.331002017,0.668997983,,19852.12019,,0.117647059,0.945116746
E05000440,Catford South,Lewisham,,,153,,,253009,18675.9,17.4,3.7,3.6,5.2,57,0.664215686,0.335784314,,17639.55888,,0.058823529,0.971660533
E05000441,Crofton Park,Lewisham,,,150,,,279595,17213.7,16.7,4,19.6,4.7,63,0.564904998,0.435095002,,21604.50718,,0.117647059,0.964357244
E05000442,Downham,Lewisham,,,147,,,199273,23890.7,10.3,3.1,31.5,4.9,61,0.450255733,0.549744267,,15252.59914,,0,0.952123953
E05000443,Evelyn,Lewisham,,,167,,,213746,17736.5,8.5,14.3,23.4,23.6,69,0.201946826,0.798053174,,15194.0109,,0.058823529,0.951042012
E05000444,Forest Hill,Lewisham,,,149,,,326765,18278,12.8,5,14.7,8.3,65,0.481094374,0.518905626,,21641.90046,,0,0.959420012
E05000445,Grove Park,Lewisham,,,147,,,226463,23924.1,11.3,1.6,22,5.2,62,0.545616305,0.454383695,,18305.59701,,0.058823529,0.964561524
E05000446,Ladywell,Lewisham,,,146,,,280423,16086.2,16.1,2.1,24.9,3.2,58,0.497049636,0.502950364,,19271.10319,,0,0.958269549
E05000447,Lee Green,Lewisham,,,147,,,312140,18091.3,16.4,4.1,12.8,6.2,63,0.546360759,0.453639241,,22558.72367,,0.117647059,0.962155353
E05000448,Lewisham Central,Lewisham,,,176,,,207445,20560.6,13,9.8,14.4,13.5,77,0.379176379,0.620823621,,19122.77363,,0.235294118,0.910666056
E05000449,New Cross,Lewisham,,,158,,,206661,18166.1,10.3,11.1,19.7,17.3,66,0.268856448,0.731143552,,15759.98863,,0.117647059,0.922564138
E05000450,Perry Vale,Lewisham,,,157,,,285626,16844.7,16.3,3.7,12.3,7.7,67,0.495154316,0.504845684,,20207.03569,,0.058823529,0.961617018
E05000451,Rushey Green,Lewisham,,,150,,,221773,17809.1,15.5,5.9,24.6,8.3,63,0.418731021,0.581268979,,17404.58894,,0.117647059,0.931555088
E05000452,Sydenham,Lewisham,,,157,,,263511,17446.1,16,3.7,15.4,6.5,68,0.434564993,0.565435007,,19375.22721,,0.058823529,0.95593065
E05000453,Telegraph Hill,Lewisham,,,165,,,294543,15439.9,15,4.8,18.3,8.1,69,0.332166302,0.667833698,,18679.71875,,0,0.965402169
E05000454,Whitefoot,Lewisham,,,143,,,184257,22236.4,9.8,3.6,28.4,8.7,55,0.498100235,0.501899765,,15206.98012,,0,0.952432025
E05000455,Abbey,Merton,,,104,,,373414,13926.5,12.1,16.8,15.3,14.7,46,0.492338004,0.507661996,,27677.87815,,0.058823529,0.950598276
E05000456,Cannon Hill,Merton,,,93,,,312927,22240.2,8.7,2.1,40.1,5.8,35,0.802318841,0.197681159,,21355.24659,,0,0.979164576
E05000457,Colliers Wood,Merton,,,108,,,251248,11112.9,16.1,7,13.7,14.3,44,0.4985324,0.5014676,,21505.97275,,0.058823529,0.95314427
E05000458,Cricket Green,Merton,,,116,,,205860,29972.8,5.6,7.5,48,12.4,43,0.43287037,0.56712963,,14892.86863,,0.058823529,0.954171079
E05000459,Dundonald,Merton,,,94,,,424735,11510.2,16.6,5.7,10.1,5.1,40,0.617874035,0.382125965,,30111.58812,,0.058823529,0.959256383
E05000460,Figge's Marsh,Merton,,,113,,,190356,11428,13.2,5.8,23.7,9.4,42,0.486153846,0.513846154,,15545.83495,,0.058823529,0.95533508
E05000461,Graveney,Merton,,,99,,,248588,8837.4,20.4,5.7,9.6,5.2,35,0.623301532,0.376698468,,17219.74211,,0.058823529,0.969204527
E05000462,Hillside,Merton,,,90,,,491899,11840.1,16.5,7.5,10.9,7.8,43,0.50388144,0.49611856,,35657.38919,,0.058823529,0.971594009
E05000463,Lavender Fields,Merton,,,104,,,213624,11796.6,12.5,5.9,19,12.9,40,0.485728469,0.514271531,,17313.70692,,0,0.966526411
E05000464,Longthornton,Merton,,,101,,,211963,14813.6,11.3,3.7,32.8,6.2,36,0.704059243,0.295940757,,17045.51154,,0,0.970069736
E05000465,Lower Morden,Merton,,,92,,,248262,18080.6,8.9,4.8,33.9,8.8,34,0.848837209,0.151162791,,19596.58872,,0,0.982481863
E05000466,Merton Park,Merton,,,95,,,425309,18174.9,12.4,4.2,19.6,6.5,37,0.725554643,0.274445357,,24775.38276,,0.176470588,0.964731529
E05000467,Pollards Hill,Merton,,,104,,,206114,21592,8.1,2.3,52.2,4.8,37,0.619733623,0.380266377,,15287.92937,,0,0.963438803
E05000468,Ravensbury,Merton,,,100,,,224747,18382.4,9.2,3,34,6.3,38,0.560094887,0.439905113,,16211.94143,,0,0.962869311
E05000469,Raynes Park,Merton,,,98,,,498887,18530.4,11,4.9,23.1,9.7,42,0.620062246,0.379937754,,29655.63251,,0.058823529,0.975103349
E05000470,St Helier,Merton,,,105,,,220087,18423,8.7,2.7,40.4,5.6,40,0.542756539,0.457243461,,16287.09247,,0.058823529,0.970001875
E05000471,Trinity,Merton,,,99,,,431296,10744.1,17.1,6,15.7,6.4,43,0.53871345,0.46128655,,28701.49661,,0.058823529,0.943043825
E05000472,Village,Merton,,,85,,,1670729,62175.1,5.1,1.8,59.9,3.3,35,0.687986171,0.312013829,,38666.14809,,0,0.965268305
E05000473,West Barnes,Merton,,,99,,,342212,19512.1,10.4,4,31.1,8.2,36,0.770954357,0.229045643,,22125.63827,,0.058823529,0.971050893
E05000474,Wimbledon Park,Merton,,,113,,,628030,22999.6,10.6,7.6,23.8,14.4,43,0.631738623,0.368261377,,27515.04516,,0.058823529,0.970827498
E05000475,Beckton,Newham,,,153,,,235498,62561.2,4,6.4,41.1,21.4,53,0.314291101,0.685708899,,13933.07326,,0.235294118,0.927454957
E05000476,Boleyn,Newham,,,162,,,201268,9164.3,22.2,6.9,6.8,6.1,49,0.419439935,0.580560065,,11141.62857,,0,0.953244797
E05000477,Canning Town North,Newham,,,150,,,190858,25231.4,9.5,11.1,25.1,19.7,55,0.242380261,0.757619739,,12423.43963,,0.058823529,0.941819464
E05000478,Canning Town South,Newham,,,162,,,225381,18173.5,10.6,5.7,18,14.2,64,0.226800881,0.773199119,,15131.16158,,0.176470588,0.952761377
E05000479,Custom House,Newham,,,136,,,189319,20628.1,9.7,7.2,24.4,11,49,0.331203627,0.668796373,,13266.29785,,0.117647059,0.932554558
E05000480,East Ham Central,Newham,,,161,,,200810,10388.8,20,9.4,11,7,47,0.433504934,0.566495066,,10845.32593,,0.058823529,0.924750039
E05000481,East Ham North,Newham,,,140,,,241400,9042,20.3,5.1,12,6.7,37,0.467945205,0.532054795,,9777.896687,,0,0.963347108
E05000482,East Ham South,Newham,,,158,,,200926,18116.3,12.6,2.4,36.7,6.2,50,0.426506024,0.573493976,,11681.49566,,0,0.958386127
E05000483,Forest Gate North,Newham,,,165,,,231808,12455.4,19.7,3.5,13.7,6.8,57,0.37915355,0.62084645,,13951.40687,,0.058823529,0.957997238
E05000484,Forest Gate South,Newham,,,176,,,220134,11919.2,20.1,8.5,3.3,9.3,58,0.319902744,0.680097256,,13259.51192,,0.058823529,0.944579331
E05000485,Green Street East,Newham,,,161,,,211397,7427.3,27,5.3,1.5,4.9,43,0.439173321,0.560826679,,9705.219445,,0,0.966204479
E05000486,Green Street West,Newham,,,153,,,223567,8047.9,24.9,7.6,5.9,5.9,41,0.443103448,0.556896552,,9687.243137,,0.058823529,0.958921078
E05000487,Little Ilford,Newham,,,169,,,191135,18988.5,10.7,3,44.7,7.5,51,0.338157637,0.661842363,,10511.83766,,0,0.960510221
E05000488,Manor Park,Newham,,,155,,,233248,13495.1,15.3,3.8,29.6,6.1,46,0.401657218,0.598342782,,10892.96991,,0.117647059,0.961849559
E05000489,Plaistow North,Newham,,,157,,,201396,9810,19.6,4.5,11.7,9.9,51,0.314854577,0.685145423,,11720.22717,,0.058823529,0.963061806
E05000490,Plaistow South,Newham,,,166,,,192568,13864.4,16.5,6,19.1,13.3,54,0.433605341,0.566394659,,12145.76895,,0,0.948723324
E05000491,Royal Docks,Newham,,,108,,,250847,47931.6,2.9,9.7,15,33.3,44,0.268878719,0.731121281,,18353.32041,,0.235294118,0.94899321
E05000492,Stratford and New Town,Newham,,,180,,,232091,42373.8,5.5,12.4,19.8,33.5,73,0.246694834,0.753305166,,17211.87549,,0.235294118,0.895801247
E05000493,Wall End,Newham,,,150,,,207911,13793.1,14.6,3.6,29.8,5,42,0.44973545,0.55026455,,10402.02899,,0,0.969191782
E05000494,West Ham,Newham,,,157,,,218151,13351.8,14.6,4.9,25.3,11.4,54,0.296296296,0.703703704,,12988.02897,,0.058823529,0.963684788
E05000495,Aldborough,Redbridge,,,147,,,244884,86121.7,3,1.3,75.3,3.1,50,0.675924076,0.324075924,,15698.95769,,0.117647059,0.952001052
E05000496,Barkingside,Redbridge,,,127,,,299436,15265.8,16.6,3.4,4.2,4.9,43,0.749590835,0.250409165,,16719.11892,,0.058823529,0.968047254
E05000497,Bridge,Redbridge,,,118,,,273763,25791.6,8.9,2.1,36.9,5.6,48,0.701765448,0.298234552,,19648.81367,,0.058823529,0.967751861
E05000498,Chadwell,Redbridge,,,144,,,217643,15144.9,15.7,3.6,9.7,7.3,52,0.675193798,0.324806202,,16162.19087,,0,0.968543464
E05000499,Church End,Redbridge,,,116,,,317416,14915.2,14,5.6,12.7,7.8,50,0.647816462,0.352183538,,24696.89489,,0,0.957809004
E05000500,Clayhall,Redbridge,,,133,,,343120,24914.8,11,4.1,24.8,8,41,0.809848854,0.190151146,,15840.06368,,0.058823529,0.968083156
E05000501,Clementswood,Redbridge,,,148,,,214564,12714.9,15.6,9.6,7,9.3,44,0.469502588,0.530497412,,11245.93343,,0,0.911711108
E05000502,Cranbrook,Redbridge,,,129,,,255320,24063.6,10.7,1.8,36.8,4.2,40,0.685323383,0.314676617,,14824.22379,,0,0.958240362
E05000503,Fairlop,Redbridge,,,128,,,322603,35939.8,7.3,3,50.3,5.9,50,0.705195328,0.294804672,,18086.69647,,0.117647059,0.958783464
E05000504,Fullwell,Redbridge,,,130,,,257215,21854.7,12.1,2.3,26,4.4,48,0.69488684,0.30511316,,16115.84946,,0,0.963282915
E05000505,Goodmayes,Redbridge,,,132,,,238549,16477.3,13.2,2.3,23,4,42,0.580815348,0.419184652,,13085.44793,,0.058823529,0.957114331
E05000506,Hainault,Redbridge,,,131,,,219632,56417.8,4.9,2.8,63.9,3.7,53,0.590461771,0.409538229,,15624.15831,,0,0.957321048
E05000507,Loxford,Redbridge,,,167,,,204622,12873.5,15.7,4.4,19.6,7.6,51,0.431876103,0.568123897,,10813.21775,,0,0.94651096
E05000508,Mayfield,Redbridge,,,138,,,292331,18835.7,13.8,2,15.3,3.5,43,0.726568006,0.273431994,,13542.86543,,0,0.964014667
E05000509,Monkhams,Redbridge,,,105,,,515658,30746,9.5,2.2,35,4.1,43,0.817629179,0.182370821,,25681.77059,,0,0.97144908
E05000510,Newbury,Redbridge,,,169,,,260268,21166.2,12.2,4.4,21.9,5.8,52,0.626430206,0.373569794,,13603.65055,,0,0.965963235
E05000511,Roding,Redbridge,,,122,,,299870,23440.4,9.3,2.9,35.5,5.2,47,0.643631724,0.356368276,,19724.11387,,0.058823529,0.966517335
E05000512,Seven Kings,Redbridge,,,153,,,253036,20821.5,11.5,6.5,24.2,10.2,48,0.578252671,0.421747329,,13212.90323,,0,0.955242661
E05000513,Snaresbrook,Redbridge,,,120,,,369059,19855.4,13.1,4,18.7,5.9,54,0.625206992,0.374793008,,25981.82912,,0.058823529,0.966466328
E05000514,Valentines,Redbridge,,,143,,,228439,15024.6,16.2,5.2,9.6,3.5,48,0.473662207,0.526337793,,14479.50515,,0.058823529,0.932117512
E05000515,Wanstead,Redbridge,,,116,,,411228,51976.2,5.5,0.8,61.9,2.2,46,0.717263844,0.282736156,,23085.77763,,0.058823529,0.954369284
E05000516,Barnes,Richmond upon Thames,,,103,,,924322,30097.2,8.5,2,31.6,4.8,43,0.577746741,0.422253259,,34684.80348,,0,0.968388778
E05000517,East Sheen,Richmond upon Thames,,,104,,,796590,58351.1,4.6,1,73.9,1.9,42,0.702722236,0.297277764,,32915.56412,,0,0.969711331
E05000518,Fulwell and Hampton Hill,Richmond upon Thames,,,102,,,430092,19179.8,11.2,4.3,31.1,5.8,43,0.718720602,0.281279398,,28757.79866,,0.058823529,0.979859932
E05000519,"Ham, Petersham and Richmond Riverside",Richmond upon Thames,,,103,,,536754,94460.1,2.4,1,76.6,2.5,45,0.605842697,0.394157303,,26935.80789,,0,0.967114527
E05000520,Hampton,Richmond upon Thames,,,100,,,432202,68768.2,3.5,1.8,60,5.6,42,0.692620987,0.307379013,,27536.0014,,0.058823529,0.970275159
E05000521,Hampton North,Richmond upon Thames,,,94,,,322136,19496.1,11,3.6,25.5,8.8,41,0.63999021,0.36000979,,23274.08352,,0,0.965679691
E05000522,Hampton Wick,Richmond upon Thames,,,103,,,492135,27457.3,8.2,2.4,42.7,5.6,45,0.633894501,0.366105499,,29458.08367,,0.058823529,0.970703228
E05000523,Heathfield,Richmond upon Thames,,,103,,,293614,19120.3,11.1,1.6,26.6,4,39,0.66258295,0.33741705,,18865.16971,,0,0.969761048
E05000524,Kew,Richmond upon Thames,,,115,,,624341,35747,7.4,3.3,46.6,9.7,50,0.616639807,0.383360193,,33299.86485,,0.058823529,0.968324573
E05000525,Mortlake and Barnes Common,Richmond upon Thames,,,109,,,659749,19380.5,11.9,4.5,35.7,6.7,49,0.586116171,0.413883829,,32275.29412,,0.176470588,0.969842954
E05000526,North Richmond,Richmond upon Thames,,,107,,,573265,28004.7,8,3.1,52.1,5.3,48,0.570949486,0.429050514,,32568.9704,,0.058823529,0.963325598
E05000527,St Margarets and North Twickenham,Richmond upon Thames,,,112,,,569352,20064.8,12.3,5.2,19.7,9.3,46,0.69515112,0.30484888,,31338.61238,,0.058823529,0.971693647
E05000528,South Richmond,Richmond upon Thames,,,109,,,810052,26919.8,8.8,4.8,46.3,4.5,52,0.518575851,0.481424149,,37154.24622,,0.058823529,0.935997692
E05000529,South Twickenham,Richmond upon Thames,,,100,,,503369,17266.2,13,5.3,23.2,6.4,40,0.710896961,0.289103039,,29587.32788,,0.058823529,0.978801499
E05000530,Teddington,Richmond upon Thames,,,104,,,485367,42962.6,5.4,3.7,62.1,4.5,46,0.671793761,0.328206239,,32458.65225,,0.058823529,0.970055106
E05000531,Twickenham Riverside,Richmond upon Thames,,,104,,,581698,19621.3,10.7,5.4,25.2,7.7,49,0.579847517,0.420152483,,34656.19399,,0.058823529,0.961566069
E05000532,West Twickenham,Richmond upon Thames,,,106,,,354114,24557.7,8,2.5,44.5,4.9,43,0.721028037,0.278971963,,25186.07559,,0,0.975142354
E05000533,Whitton,Richmond upon Thames,,,98,,,305800,16228.4,12.4,2.9,19.2,5.3,38,0.744100682,0.255899318,,22562.8294,,0.058823529,0.970651973
E05000534,Brunswick Park,Southwark,,,132,,,356136,9347.4,16.3,11.4,13.1,14.7,53,0.318449553,0.681550447,,18573.18282,,0,0.948660167
E05000535,Camberwell Green,Southwark,,,151,,,258004,9747.5,12.3,15.4,11.3,18.5,62,0.16929514,0.83070486,,16637.5825,,0,0.938455932
E05000536,Cathedrals,Southwark,,,150,,,624578,17632.1,8.9,24.3,11.9,17.5,62,0.262665376,0.737334624,,22384.33387,,0.117647059,0.878972562
E05000537,Chaucer,Southwark,,,152,,,350240,8225,7.4,19.4,21.7,21.4,62,0.256615878,0.743384122,,20273.04388,,0.058823529,0.931287669
E05000538,College,Southwark,,,119,,,449690,32338,6.7,2.9,48,6.6,51,0.50970297,0.49029703,,23619.78102,,0.117647059,0.95329877
E05000539,East Dulwich,Southwark,,,124,,,401087,10185.2,23.3,6.5,2.6,5.9,53,0.528978667,0.471021333,,27972.47296,,0.058823529,0.966320253
E05000540,East Walworth,Southwark,,,116,,,319539,11437.6,9.7,11.7,26.5,16.1,47,0.176035503,0.823964497,,16252.75142,,0.058823529,0.902502627
E05000541,Faraday,Southwark,,,129,,,265996,8768.3,12.1,7.1,35,14.8,50,0.140494221,0.859505779,,15317.90127,,0,0.939761614
E05000542,Grange,Southwark,,,154,,,359387,12045.1,9.2,23.8,14.5,23.8,70,0.23724236,0.76275764,,23496.98292,,0.058823529,0.936824338
E05000543,Livesey,Southwark,,,142,,,241369,14363.3,10.1,17.4,13,23.8,56,0.171166307,0.828833693,,14494.3335,,0.058823529,0.935222582
E05000544,Newington,Southwark,,,142,,,336158,8323,14.1,11.5,18.9,15.5,62,0.233918129,0.766081871,,19629.00712,,0.058823529,0.942428039
E05000545,Nunhead,Southwark,,,137,,,282344,13220,16.4,3.9,29.2,8.1,57,0.324991188,0.675008812,,17689.38596,,0.117647059,0.955146479
E05000546,Peckham,Southwark,,,148,,,196245,8724.6,16.4,8.1,15.1,18.1,55,0.220113159,0.779886841,,14241.9606,,0,0.943600695
E05000547,Peckham Rye,Southwark,,,136,,,344517,22531.9,10,2.2,47.3,5,57,0.482383874,0.517616126,,23431.01089,,0,0.96874143
E05000548,Riverside,Southwark,,,145,,,490377,13322.5,7.4,16.4,9.6,20.2,70,0.317870397,0.682129603,,28990.20273,,0.058823529,0.924969294
E05000549,Rotherhithe,Southwark,,,138,,,327078,14923.9,8.1,8.4,29.7,18.8,60,0.274891049,0.725108951,,20962.9639,,0.176470588,0.944811217
E05000550,South Bermondsey,Southwark,,,138,,,242339,9731.8,13.5,10.8,18,17.4,57,0.251265933,0.748734067,,16531.91471,,0,0.947363639
E05000551,South Camberwell,Southwark,,,127,,,328370,13314.7,11.9,5.4,28.5,10.2,51,0.407690799,0.592309201,,21486.81915,,0.058823529,0.963590288
E05000552,Surrey Docks,Southwark,,,135,,,328623,19011.3,8.2,9.3,19.9,19.4,60,0.39864418,0.60135582,,27433.32099,,0,0.958142494
E05000553,The Lane,Southwark,,,156,,,352826,13896,16.8,11,10.3,13.1,64,0.35546508,0.64453492,,20002.61078,,0,0.927684381
E05000554,Village,Southwark,,,125,,,794180,27882.7,10.6,2.9,30.7,7.2,46,0.651965066,0.348034934,,29913.6236,,0.058823529,0.959460755
E05000555,Beddington North,Sutton,,,104,,,232129,49795.8,4.7,6.7,42.7,20.2,40,0.801833044,0.198166956,,18676.95087,,0.058823529,0.966624431
E05000556,Beddington South,Sutton,,,107,,,343220,30610.7,7.7,2.3,39.7,5.8,41,0.574987787,0.425012213,,16701.49842,,0,0.967716155
E05000557,Belmont,Sutton,,,101,,,324019,23371,10.9,2.9,14.7,5.4,43,0.703643911,0.296356089,,23865.48725,,0.058823529,0.984682059
E05000558,Carshalton Central,Sutton,,,101,,,259043,20265.9,11.5,3.6,23.2,6.1,42,0.756969264,0.243030736,,21540.17804,,0,0.969263673
E05000559,Carshalton South and Clockhouse,Sutton,,,98,,,349467,70559.6,4,0.7,67.1,2.2,36,0.815229563,0.184770437,,19982.98999,,0.058823529,0.980334314
E05000560,Cheam,Sutton,,,104,,,455017,39377.3,9,1.6,24,2.9,39,0.835717936,0.164282064,,21962.52897,,0.058823529,0.977553582
E05000561,Nonsuch,Sutton,,,107,,,308987,19064.4,12.9,3.4,9.4,6.3,40,0.857249626,0.142750374,,19611.3627,,0,0.974542695
E05000562,St Helier,Sutton,,,120,,,194409,14996.8,11.9,3.3,23,6.5,46,0.471817193,0.528182807,,14104.96389,,0,0.965042032
E05000563,Stonecot,Sutton,,,108,,,258733,19810.2,11,4,21.3,8.6,39,0.858634743,0.141365257,,17444.95687,,0,0.973434264
E05000564,Sutton Central,Sutton,,,111,,,197311,13095.5,14.4,14.7,11.4,13.2,52,0.53373054,0.46626946,,20504.78061,,0,0.90667521
E05000565,Sutton North,Sutton,,,104,,,232368,18749.5,11.2,2.9,24.8,6,42,0.746157541,0.253842459,,18468.46678,,0.058823529,0.975564214
E05000566,Sutton South,Sutton,,,97,,,217882,12722,13.6,5,13.1,9.2,49,0.544949599,0.455050401,,25647.51293,,0,0.978290758
E05000567,Sutton West,Sutton,,,106,,,246586,17790.5,12.5,3,23.7,6,47,0.686752137,0.313247863,,22893.34747,,0.117647059,0.98014069
E05000568,The Wrythe,Sutton,,,102,,,220719,14820.8,12.4,3.6,16.3,7.5,42,0.720535501,0.279464499,,18132.26642,,0.058823529,0.970211504
E05000569,Wallington North,Sutton,,,107,,,236245,16167.7,13.1,3.2,20.1,6.4,45,0.689853788,0.310146212,,20566.01249,,0,0.970560546
E05000570,Wallington South,Sutton,,,103,,,272613,17193,13.7,4.3,11.2,7.5,45,0.639910814,0.360089186,,20454.91822,,0.058823529,0.964566743
E05000571,Wandle Valley,Sutton,,,117,,,186920,20547.2,9,5.3,39.2,7.3,47,0.513530655,0.486469345,,15711.7639,,0,0.966270053
E05000572,Worcester Park,Sutton,,,117,,,281445,19570.5,11.3,2.6,25.5,5,47,0.7725423,0.2274577,,19808.97999,,0,0.978803432
E05000573,Bethnal Green North,Tower Hamlets,,,138,,,284006,8228.4,11.6,18.2,13,18.1,54,0.232298829,0.767701171,,18097.01223,,0,0.94137221
E05000574,Bethnal Green South,Tower Hamlets,,,143,,,284006,8813.8,10.8,12.3,18.8,16.8,52,0.222921434,0.777078566,,15930.56843,,0.058823529,0.927027215
E05000575,Blackwall and Cubitt Town,Tower Hamlets,,,197,,,359158,29668.5,2,4,6.3,8.1,87,0.28645713,0.71354287,,26594.93935,,0.294117647,0.961665851
E05000576,Bow East,Tower Hamlets,,,149,,,253884,18582.6,7.7,12.2,31.5,17.2,66,0.259287339,0.740712661,,21689.51724,,0,0.95186233
E05000577,Bow West,Tower Hamlets,,,131,,,373342,13471.8,11,5.3,38.1,6.8,50,0.331004192,0.668995808,,20497.80014,,0,0.935631744
E05000578,Bromley-by-Bow,Tower Hamlets,,,146,,,246879,10741.5,7.6,15.6,14.5,26.4,51,0.185278695,0.814721305,,14574.21733,,0.117647059,0.959871673
E05000579,East India and Lansbury,Tower Hamlets,,,150,,,238302,12242.2,10.4,11.7,22.2,17,53,0.213538696,0.786461304,,13822.48533,,0.058823529,0.951548309
E05000580,Limehouse,Tower Hamlets,,,162,,,443754,11418.3,9.2,12.6,14.1,20.7,64,0.278897638,0.721102362,,18917.8408,,0.058823529,0.959798087
E05000581,Mile End and Globe Town,Tower Hamlets,,,153,,,240709,8997.3,12,13,17.1,13.8,54,0.271860987,0.728139013,,15522.7337,,0,0.951769687
E05000582,Mile End East,Tower Hamlets,,,135,,,274137,10700.1,6.5,7,25.2,14.5,46,0.189799871,0.810200129,,14941.26131,,0.117647059,0.944598511
E05000583,Millwall,Tower Hamlets,,,234,,,377799,24584.2,6.7,18.1,8.4,26.2,108,0.298124018,0.701875982,,31421.83424,,0.235294118,0.958745131
E05000584,St Dunstan's and Stepney Green,Tower Hamlets,,,164,,,323879,10181.7,14.1,9.2,15.9,18.2,57,0.248823837,0.751176163,,14922.32065,,0.117647059,0.959233866
E05000585,St Katherine's and Wapping,Tower Hamlets,,,126,,,373897,15056.9,8.1,19.3,14,24.8,60,0.416275954,0.583724046,,33923.13847,,0.117647059,0.951619278
E05000586,Shadwell,Tower Hamlets,,,153,,,501847,9627,8,14.9,11.9,27,58,0.269131556,0.730868444,,18418.37503,,0.117647059,0.959719373
E05000587,Spitalfields and Banglatown,Tower Hamlets,,,104,,,289989,6384,13.3,28.1,6,22.1,39,0.26974359,0.73025641,,20080.60326,,0,0.854000262
E05000588,Weavers,Tower Hamlets,,,133,,,357388,7787.6,12.8,13.9,23.5,14.7,56,0.253723309,0.746276691,,20367.85136,,0,0.901791853
E05000589,Whitechapel,Tower Hamlets,,,150,,,361884,9178.5,11.3,23.2,8.9,18.5,58,0.226496464,0.773503536,,19297.48801,,0.058823529,0.931631543
E05000590,Cann Hall,Waltham Forest,,,139,,,209818,8598.6,24.5,4.7,7.1,6.7,50,0.396351243,0.603648757,,13932.33899,,0,0.96095271
E05000591,Cathall,Waltham Forest,,,128,,,221536,10566.3,16.2,4.6,22.7,8.3,45,0.28807947,0.71192053,,13052.80737,,0.058823529,0.960494189
E05000592,Chapel End,Waltham Forest,,,142,,,218382,18417,12.4,4.7,32.1,7.5,51,0.593959732,0.406040268,,15532.66624,,0,0.956086144
E05000593,Chingford Green,Waltham Forest,,,104,,,288488,37277.7,6.6,1.6,57.6,3.5,45,0.697559884,0.302440116,,20354.7077,,0,0.963144746
E05000594,Endlebury,Waltham Forest,,,108,,,280532,19592,12.7,1.7,21.4,4,42,0.746622422,0.253377578,,17934.33962,,0,0.971584615
E05000595,Forest,Waltham Forest,,,127,,,275994,19850,11.2,5.2,38.8,5.8,43,0.517495396,0.482504604,,14753.16336,,0,0.943523521
E05000596,Grove Green,Waltham Forest,,,147,,,215872,8979.7,25.4,4.3,4.2,4.5,52,0.460344828,0.539655172,,15317.55296,,0,0.969737543
E05000597,Hale End and Highams Park,Waltham Forest,,,114,,,273502,23495.4,9.4,3.1,42.7,4.6,42,0.680372938,0.319627062,,17377.7001,,0,0.963736086
E05000598,Hatch Lane,Waltham Forest,,,112,,,262490,24182.2,9.6,1.9,37.4,3.8,45,0.631555654,0.368444346,,17357.28251,,0,0.962240595
E05000599,High Street,Waltham Forest,,,143,,,221302,30613.6,7.2,3.8,30.5,10.4,56,0.48352242,0.51647758,,16020.61754,,0.058823529,0.902122213
E05000600,Higham Hill,Waltham Forest,,,133,,,200216,32224.3,6.3,4.8,28,4.7,49,0.430921053,0.569078947,,13551.64212,,0,0.96091305
E05000601,Hoe Street,Waltham Forest,,,140,,,259141,10971.8,19.8,6.1,14.6,7.8,54,0.404467417,0.595532583,,15931.81442,,0,0.947101088
E05000602,Larkswood,Waltham Forest,,,114,,,250992,20689.5,11.2,3.4,32.7,7,45,0.690181982,0.309818018,,16399.60354,,0,0.9555044
E05000603,Lea Bridge,Waltham Forest,,,158,,,203876,26453.8,8.8,9.6,37.3,13.9,56,0.459531892,0.540468108,,13286.55072,,0,0.942994779
E05000604,Leyton,Waltham Forest,,,143,,,207240,20359.7,9,7.6,28,15,52,0.343191857,0.656808143,,13390.02866,,0,0.944540684
E05000605,Leytonstone,Waltham Forest,,,130,,,262316,13103,17.7,5.7,9,7.4,48,0.462111801,0.537888199,,17396.6261,,0.117647059,0.946337275
E05000606,Markhouse,Waltham Forest,,,138,,,212559,14538.6,14.7,4.1,31.7,9,49,0.446957237,0.553042763,,14213.56894,,0.117647059,0.954717769
E05000607,Valley,Waltham Forest,,,115,,,223525,19808.3,11.9,6.3,20.6,10.4,43,0.678629312,0.321370688,,15068.23101,,0,0.930572934
E05000608,William Morris,Waltham Forest,,,134,,,212504,9985.2,20.8,8.3,5.4,7.7,50,0.482272361,0.517727639,,15415.76104,,0,0.962155742
E05000609,Wood Street,Waltham Forest,,,135,,,250101,18445.1,11.3,4.4,38.5,6.6,53,0.444381061,0.555618939,,16140.32184,,0.058823529,0.957157188
E05000610,Balham,Wandsworth,,,148,,,616057,12078.9,22.5,5.9,11.4,6.5,63,0.537849873,0.462150127,,32833.41855,,0.176470588,0.953422126
E05000611,Bedford,Wandsworth,,,146,,,490607,18036.6,14.1,2,38.7,3.4,64,0.447450249,0.552549751,,28836.45033,,0.058823529,0.966820301
E05000612,Earlsfield,Wandsworth,,,155,,,384741,14105,15.9,9.2,16,10.4,67,0.473180935,0.526819065,,26405.01192,,0.058823529,0.964296156
E05000613,East Putney,Wandsworth,,,151,,,478166,16092.4,14.8,6.7,11.7,11.6,70,0.484413159,0.515586841,,32336.13271,,0.058823529,0.9746711
E05000614,Fairfield,Wandsworth,,,147,,,503285,14550.1,16.2,11.4,6.5,17.5,67,0.486767767,0.513232233,,31771.21903,,0.058823529,0.951179366
E05000615,Furzedown,Wandsworth,,,156,,,302508,14132.7,17.7,3.4,15.1,6.3,60,0.549638838,0.450361162,,20432.90277,,0,0.97306667
E05000616,Graveney,Wandsworth,,,153,,,311933,10076.7,23.8,6.7,4.1,6.5,61,0.453114754,0.546885246,,20971.1082,,0.058823529,0.947911262
E05000617,Latchmere,Wandsworth,,,154,,,347415,10847.7,11.3,6.4,15.6,9.7,68,0.302249852,0.697750148,,20701.43274,,0,0.958135419
E05000618,Nightingale,Wandsworth,,,148,,,559317,12313.6,21.9,7,8.8,7,63,0.516406499,0.483593501,,31155.99593,,0.058823529,0.966263587
E05000619,Northcote,Wandsworth,,,150,,,646609,16786.3,17,4.4,33.6,3.9,62,0.533676258,0.466323742,,34029.96342,,0.058823529,0.943323284
E05000620,Queenstown,Wandsworth,,,164,,,447272,32077.8,5.7,13.6,29.7,19.7,79,0.351711027,0.648288973,,26950.17517,,0.117647059,0.953773562
E05000621,Roehampton,Wandsworth,,,161,,,387258,44239.4,3.5,3.5,66.5,6.5,59,0.297911755,0.702088245,,15034.03385,,0,0.959451519
E05000622,St Mary's Park,Wandsworth,,,166,,,695769,13963.2,11.9,12.9,9.6,20,77,0.438734668,0.561265332,,30117.29226,,0,0.961131217
E05000623,Shaftesbury,Wandsworth,,,142,,,521202,9477.1,27.8,6.5,6.4,4.9,64,0.442505453,0.557494547,,32529.80245,,0,0.956955207
E05000624,Southfields,Wandsworth,,,164,,,447657,15216.5,17.4,10.7,16.4,9.3,70,0.554996405,0.445003595,,29009.3304,,0.058823529,0.961660625
E05000625,Thamesfield,Wandsworth,,,149,,,643448,19214.3,14.7,7.6,21.4,7.5,66,0.560200669,0.439799331,,35937.11395,,0,0.944100386
E05000626,Tooting,Wandsworth,,,163,,,310994,16044.5,15.1,8.2,26.8,10.5,60,0.419402985,0.580597015,,18416.05215,,0,0.953520307
E05000627,Wandsworth Common,Wandsworth,,,153,,,692317,27600.1,10.5,3.4,40.2,6.9,56,0.62039356,0.37960644,,26807.95382,,0,0.969565009
E05000628,West Hill,Wandsworth,,,165,,,423264,16884.1,11.8,5.5,24,12.3,67,0.451478053,0.548521947,,22492.67606,,0,0.977921527
E05000629,West Putney,Wandsworth,,,148,,,521407,18462.8,13.5,5.7,18.3,7.8,62,0.519461797,0.480538203,,25754.29547,,0,0.973623008
E05000630,Abbey Road,Westminster,,,113,,,1182554,10949.1,16,8.4,7.7,9.5,52,0.42953149,0.57046851,,45496.97736,,0.058823529,0.972450697
E05000631,Bayswater,Westminster,,,103,,,960560,5180.2,23.2,9.3,5,5.3,55,0.345517367,0.654482633,,47456.52284,,0.058823529,0.945581449
E05000632,Bryanston and Dorset Square,Westminster,,,120,,,815678,7227.5,21.4,25.8,3.6,5.9,62,0.331932773,0.668067227,,54212.9965,,0.235294118,0.87428658
E05000633,Churchill,Westminster,,,96,,,731287,6091.9,11.1,14.7,9.6,17.7,46,0.261126946,0.738873054,,33074.63967,,0,0.943387763
E05000634,Church Street,Westminster,,,118,,,437531,4442.7,13.8,16.6,11.8,14.8,47,0.176732359,0.823267641,,18078.44114,,0.058823529,0.947548208
E05000635,Harrow Road,Westminster,,,120,,,426352,4946.9,24.9,7.4,3.9,8.4,54,0.242870285,0.757129715,,26305.95867,,0,0.958283436
E05000636,Hyde Park,Westminster,,,125,,,842009,9585.8,18.9,18.8,12.9,9.3,63,0.341064337,0.658935663,,47755.46431,,0.176470588,0.912321151
E05000637,Knightsbridge and Belgravia,Westminster,,,93,,,2518738,35933.3,7.7,5.8,51.8,5.3,39,0.467027306,0.532972694,,99269.45529,,0.117647059,0.883496165
E05000638,Lancaster Gate,Westminster,,,132,,,803194,6303.2,24.3,17.2,9.1,6.9,68,0.314479305,0.685520695,,47547.05455,,0.117647059,0.906312491
E05000639,Little Venice,Westminster,,,107,,,810051,6357.6,18.1,6.6,18.6,6.9,49,0.396115719,0.603884281,,41190.29368,,0.058823529,0.953942667
E05000640,Maida Vale,Westminster,,,102,,,595447,6462.7,10.9,10.1,25.1,15.9,45,0.3609375,0.6390625,,34563.23391,,0.058823529,0.957928101
E05000641,Marylebone High Street,Westminster,,,104,,,1053954,10012.6,14.9,32.7,7.3,6,54,0.32549963,0.67450037,,63330.85078,,0.117647059,0.799893612
E05000642,Queen's Park,Westminster,,,126,,,387533,5832.7,29.7,4.3,4.8,4.3,51,0.23491631,0.76508369,,22015.38547,,0,0.959460431
E05000643,Regent's Park,Westminster,,,121,,,914232,22563.7,5.7,8,46.9,10.2,59,0.382223724,0.617776276,,44377.7752,,0.058823529,0.957575468
E05000644,St James's,Westminster,,,108,,,886292,34676.3,6.5,26.9,20.2,10.5,53,0.265955456,0.734044544,,53888.44426,,0.588235294,0.205684317
E05000645,Tachbrook,Westminster,,,82,,,700396,4437.3,8.5,9.4,6.7,8.1,46,0.263454861,0.736545139,,50078.08102,,0.058823529,0.969627249
E05000646,Vincent Square,Westminster,,,100,,,626065,6859.4,8.5,21.3,9.1,12.9,51,0.336351112,0.663648888,,43973.18005,,0,0.948159066
E05000647,Warwick,Westminster,,,94,,,699658,5735.8,23.1,18.4,4.9,5.4,50,0.350049751,0.649950249,,49334.35701,,0.117647059,0.918246435
E05000648,Westbourne,Westminster,,,128,,,501570,6743.4,9.8,13.2,19.2,14.8,54,0.227035101,0.772964899,,22595.18716,,0,0.953929779
E05000649,West End,Westminster,,,106,,,1293066,19957.2,14,42.2,3.5,6.3,59,0.240508475,0.759491525,,67399.21674,,0.176470588,0
